date,season,temperature_c,precipitation_mm,wind_speed_kmh,humidity_pct,discount_pct,is_weekend,is_holiday,is_rainy,customer_count,sales_amount
2024-01-01,winter,17.4,0.0,18.6,76.7,10,0,0,0,70,251.16
2024-01-02,winter,2.6,0.0,0.0,58.0,25,0,0,0,53,280.01
2024-01-03,winter,22.3,0.0,18.3,46.7,0,0,0,0,60,195.85
2024-01-04,winter,24.3,1.7,9.0,89.7,0,0,0,1,56,203.57
2024-01-05,winter,-7.5,0.0,6.5,56.1,20,0,0,0,45,237.89
2024-01-06,winter,-0.3,0.0,13.9,56.6,10,1,0,0,60,255.77
2024-01-07,winter,15.4,0.0,17.5,63.1,0,1,0,0,60,237.64
2024-01-08,winter,10.5,0.0,5.2,64.9,0,0,0,0,53,190.72
2024-01-09,winter,13.8,0.0,19.2,59.0,5,0,0,0,54,225.96
2024-01-10,winter,4.6,0.0,19.6,63.8,5,0,0,0,49,180.7
2024-01-11,winter,23.7,3.1,15.3,63.5,0,0,0,1,59,192.74
2024-01-12,winter,22.6,0.0,9.8,66.3,5,0,0,0,67,251.88
2024-01-13,winter,14.7,1.4,9.1,33.4,15,1,0,1,76,285.44
2024-01-14,winter,26.4,0.0,21.2,88.5,20,1,0,0,86,318.25
2024-01-15,winter,19.1,0.0,5.9,62.1,20,0,0,0,77,279.2
2024-01-16,winter,4.5,0.0,21.4,71.5,10,0,0,0,59,219.38
2024-01-17,winter,18.1,1.0,14.0,46.1,5,0,0,0,57,224.19
2024-01-18,winter,3.5,0.2,14.4,57.9,25,0,0,0,56,279.57
2024-01-19,winter,23.7,0.0,4.8,55.3,15,0,0,0,74,291.86
2024-01-20,winter,13.5,0.0,14.1,83.1,10,1,0,0,70,275.36
2024-01-21,winter,12.0,5.2,18.7,56.4,5,1,0,1,56,253.87
2024-01-22,winter,6.5,0.0,7.0,73.9,5,0,0,0,52,208.11
2024-01-23,winter,27.4,10.1,18.0,55.5,10,0,1,1,56,283.03
2024-01-24,winter,12.3,0.0,15.5,58.1,10,0,0,0,51,233.37
2024-01-25,winter,9.3,2.2,11.1,60.8,0,0,0,1,47,174.65
2024-01-26,winter,10.1,2.8,20.1,80.7,25,0,0,1,71,286.14
2024-01-27,winter,19.9,6.6,1.8,39.4,10,1,0,1,66,264.9
2024-01-28,winter,18.0,0.0,17.1,46.9,10,1,0,0,84,292.43
2024-01-29,winter,18.5,0.0,24.7,38.7,5,0,0,0,47,244.15
2024-01-30,winter,18.7,0.0,23.6,49.9,15,0,0,0,67,292.19
2024-01-31,winter,35.0,0.0,17.3,53.4,15,0,0,0,67,251.86
2024-02-01,winter,9.5,6.7,13.2,43.0,0,0,0,1,42,192.06
2024-02-02,winter,8.4,5.8,11.2,54.5,10,0,0,1,51,230.89
2024-02-03,winter,5.0,3.1,13.2,37.8,15,1,0,1,68,254.83
2024-02-04,winter,20.8,0.0,18.3,50.8,20,1,0,0,78,320.43
2024-02-05,winter,26.4,5.3,10.2,79.6,5,0,0,1,55,223.62
2024-02-06,winter,12.7,0.0,19.5,69.2,20,0,0,0,66,280.77
2024-02-07,winter,4.8,2.3,27.8,66.4,10,0,0,1,57,202.79
2024-02-08,winter,4.9,1.8,14.6,51.0,0,0,0,1,32,177.11
2024-02-09,winter,21.2,1.9,6.9,44.0,0,0,1,1,54,269.65
2024-02-10,winter,22.2,4.3,6.9,49.2,5,1,0,1,67,254.61
2024-02-11,winter,20.0,0.0,19.7,63.4,5,1,0,0,70,261.04
2024-02-12,winter,6.7,0.0,14.6,75.3,10,0,0,0,59,208.45
2024-02-13,winter,16.6,3.4,20.3,75.7,15,0,0,1,63,255.07
2024-02-14,winter,15.3,0.0,11.8,72.2,5,0,0,0,55,240.15
2024-02-15,winter,16.4,0.0,20.0,54.4,25,0,0,0,70,322.04
2024-02-16,winter,23.6,0.0,14.1,64.3,5,0,0,0,58,242.03
2024-02-17,winter,16.5,0.0,10.6,59.8,10,1,0,0,73,292.7
2024-02-18,winter,21.5,0.0,12.6,61.4,25,1,0,0,84,355.74
2024-02-19,winter,14.7,0.0,7.8,90.5,20,0,0,0,67,298.7
2024-02-20,winter,17.2,0.0,26.9,41.1,15,0,0,0,65,288.18
2024-02-21,winter,20.9,0.0,14.4,60.9,15,0,0,0,67,304.25
2024-02-22,winter,-2.0,0.0,18.9,79.8,0,0,0,0,37,165.55
2024-02-23,winter,10.5,7.8,11.8,44.9,0,0,0,1,47,177.83
2024-02-24,winter,8.8,0.0,8.7,55.6,10,1,0,0,65,272.47
2024-02-25,winter,7.0,0.0,13.6,57.1,0,1,0,0,58,229.37
2024-02-26,winter,11.0,4.4,21.6,61.1,5,0,0,1,62,225.77
2024-02-27,winter,30.4,0.0,11.9,43.3,5,0,0,0,67,245.04
2024-02-28,winter,4.5,0.0,9.8,71.7,20,0,0,0,51,287.48
2024-02-29,winter,24.7,7.6,15.9,72.7,20,0,0,1,61,286.11
2024-03-01,spring,-4.5,0.0,18.0,70.6,20,0,1,0,41,262.69
2024-03-02,spring,10.3,0.0,24.9,52.7,15,1,0,0,79,255.45
2024-03-03,spring,15.8,0.0,17.1,65.1,0,1,0,0,66,231.87
2024-03-04,spring,20.4,0.6,18.9,52.3,0,0,0,0,58,196.94
2024-03-05,spring,21.8,5.6,19.3,59.7,15,0,0,1,78,260.67
2024-03-06,spring,22.7,0.0,8.1,92.0,15,0,0,0,69,267.44
2024-03-07,spring,10.2,4.0,9.2,65.2,10,0,0,1,56,223.07
2024-03-08,spring,8.9,11.1,8.5,48.6,10,0,0,1,54,217.17
2024-03-09,spring,23.4,5.3,7.0,66.3,10,1,0,1,71,273.32
2024-03-10,spring,11.9,2.7,19.8,46.4,5,1,0,1,70,194.34
2024-03-11,spring,-0.0,0.0,16.7,48.4,5,0,1,0,37,221.29
2024-03-12,spring,1.5,0.0,15.5,50.5,10,0,1,0,55,256.19
2024-03-13,spring,3.9,0.0,0.0,58.2,15,0,0,0,49,262.56
2024-03-14,spring,19.5,0.0,27.3,76.2,25,0,0,0,74,310.78
2024-03-15,spring,15.6,2.9,9.6,71.5,10,0,0,1,51,249.07
2024-03-16,spring,21.6,5.0,27.3,70.8,15,1,0,1,74,279.46
2024-03-17,spring,9.3,4.3,6.3,49.7,20,1,0,1,69,281.81
2024-03-18,spring,15.7,4.6,10.1,57.0,0,0,0,1,36,200.66
2024-03-19,spring,20.9,2.1,1.8,67.5,15,0,0,1,66,264.2
2024-03-20,spring,10.6,2.6,17.2,55.8,10,0,0,1,49,208.35
2024-03-21,spring,19.0,6.3,8.4,60.4,10,0,0,1,66,233.85
2024-03-22,spring,6.7,6.1,8.6,69.7,0,0,1,1,44,187.04
2024-03-23,spring,10.0,0.0,6.8,59.5,20,1,0,0,72,301.51
2024-03-24,spring,9.8,0.0,19.7,66.9,25,1,0,0,77,307.65
2024-03-25,spring,0.8,0.0,19.3,84.7,0,0,0,0,38,158.93
2024-03-26,spring,19.4,0.0,25.9,61.8,5,0,0,0,72,222.61
2024-03-27,spring,8.8,0.0,10.9,79.3,5,0,0,0,46,211.61
2024-03-28,spring,14.1,4.3,16.3,71.3,20,0,0,1,59,270.51
2024-03-29,spring,19.3,0.0,7.3,44.9,10,0,0,0,59,244.9
2024-03-30,spring,18.9,9.0,13.0,49.7,5,1,0,1,62,230.06
2024-03-31,spring,21.3,0.0,11.9,53.2,20,1,0,0,90,331.83
2024-04-01,spring,12.9,3.5,17.8,52.9,5,0,1,1,53,218.24
2024-04-02,spring,9.3,0.0,21.1,62.8,10,0,0,0,63,232.39
2024-04-03,spring,13.1,1.3,20.9,72.0,10,0,0,1,61,238.33
2024-04-04,spring,-4.6,0.0,9.9,80.3,10,0,0,0,55,211.94
2024-04-05,spring,-1.9,0.0,21.0,68.0,10,0,0,0,43,206.54
2024-04-06,spring,-0.5,0.0,14.7,58.2,5,1,0,0,53,218.82
2024-04-07,spring,3.0,0.0,13.1,36.9,10,1,0,0,54,270.2
2024-04-08,spring,18.4,0.0,10.7,64.9,20,0,0,0,76,260.7
2024-04-09,spring,4.0,2.4,11.6,64.3,10,0,0,1,46,196.5
2024-04-10,spring,9.8,0.0,25.5,66.4,20,0,0,0,67,272.89
2024-04-11,spring,28.3,0.0,16.8,91.4,10,0,0,0,53,227.45
2024-04-12,spring,10.1,5.3,16.0,80.1,15,0,0,1,58,245.43
2024-04-13,spring,22.1,4.8,13.4,74.2,5,1,0,1,73,241.83
2024-04-14,spring,3.7,0.0,29.7,51.5,20,1,0,0,70,275.42
2024-04-15,spring,11.7,0.0,22.8,57.3,5,0,0,0,50,209.88
2024-04-16,spring,3.5,0.0,10.7,62.8,0,0,0,0,49,171.3
2024-04-17,spring,10.3,0.0,13.4,53.9,5,0,0,0,65,207.15
2024-04-18,spring,23.2,3.3,13.7,70.5,0,0,0,1,48,200.56
2024-04-19,spring,-5.0,0.0,15.9,68.6,25,0,0,0,55,239.65
2024-04-20,spring,18.8,8.6,10.8,49.9,25,1,0,1,68,333.36
2024-04-21,spring,16.6,0.0,17.6,79.6,15,1,0,0,84,291.64
2024-04-22,spring,7.5,0.0,23.7,65.3,0,0,0,0,35,195.04
2024-04-23,spring,-1.9,5.6,7.1,41.5,20,0,0,1,43,218.85
2024-04-24,spring,14.8,0.0,8.2,63.3,15,0,0,0,57,241.9
2024-04-25,spring,8.2,0.5,12.1,67.7,5,0,0,0,45,192.05
2024-04-26,spring,16.6,0.0,12.4,76.6,10,0,0,0,68,277.93
2024-04-27,spring,14.2,0.0,27.0,59.6,15,1,0,0,66,294.41
2024-04-28,spring,31.6,0.0,21.0,74.8,0,1,0,0,60,205.06
2024-04-29,spring,11.4,0.0,20.7,66.4,10,0,0,0,54,235.13
2024-04-30,spring,2.7,0.0,13.4,46.9,15,0,0,0,61,243.9
2024-05-01,spring,16.0,0.0,13.3,45.6,5,0,0,0,62,212.83
2024-05-02,spring,16.4,0.0,6.3,78.6,10,0,0,0,56,260.95
2024-05-03,spring,29.0,0.0,19.7,79.5,10,0,0,0,56,229.52
2024-05-04,spring,23.2,2.3,17.9,68.2,15,1,0,1,87,276.38
2024-05-05,spring,17.9,2.9,22.7,83.4,25,1,0,1,88,308.6
2024-05-06,spring,30.1,0.0,13.7,77.7,20,0,0,0,60,282.99
2024-05-07,spring,0.9,4.3,14.1,72.9,15,0,0,1,44,201.77
2024-05-08,spring,7.0,1.7,16.0,52.2,10,0,0,1,47,189.75
2024-05-09,spring,3.8,4.6,20.4,86.5,15,0,0,1,45,216.46
2024-05-10,spring,9.7,0.0,6.2,71.0,10,0,0,0,45,205.61
2024-05-11,spring,-1.1,0.8,19.4,59.0,0,1,0,0,42,170.47
2024-05-12,spring,21.0,0.0,14.9,55.3,15,1,0,0,93,314.83
2024-05-13,spring,11.6,0.0,8.6,67.3,15,0,0,0,59,260.44
2024-05-14,spring,-2.2,0.0,2.5,42.3,10,0,0,0,42,221.71
2024-05-15,spring,2.8,0.7,14.2,73.1,20,0,0,0,52,241.79
2024-05-16,spring,17.4,0.0,23.7,51.6,15,0,0,0,81,294.76
2024-05-17,spring,23.2,5.0,25.0,68.8,10,0,0,1,61,224.71
2024-05-18,spring,35.0,0.0,17.1,57.2,0,1,0,0,66,213.59
2024-05-19,spring,35.0,1.5,26.8,60.6,0,1,0,1,51,185.45
2024-05-20,spring,18.6,0.0,14.7,54.2,5,0,0,0,60,244.55
2024-05-21,spring,3.1,3.7,20.7,61.9,10,0,0,1,44,196.47
2024-05-22,spring,-9.5,0.0,12.3,88.6,5,0,0,0,27,179.75
2024-05-23,spring,16.9,1.1,11.9,82.0,5,0,0,1,55,203.69
2024-05-24,spring,5.1,0.0,10.9,68.6,5,0,0,0,53,215.7
2024-05-25,spring,9.4,0.0,2.6,63.7,20,1,1,0,71,331.42
2024-05-26,spring,7.3,1.0,22.7,75.0,15,1,0,0,66,246.2
2024-05-27,spring,12.5,1.8,11.2,78.7,10,0,0,1,59,225.78
2024-05-28,spring,25.7,4.2,10.2,53.2,5,0,0,1,50,218.52
2024-05-29,spring,15.7,4.7,7.9,63.0,0,0,0,1,58,197.99
2024-05-30,spring,12.3,0.0,13.8,40.3,0,0,0,0,52,199.84
2024-05-31,spring,2.6,3.6,25.6,78.6,10,0,0,1,43,182.19
2024-06-01,summer,-4.4,4.9,27.6,90.8,0,1,0,1,30,170.33
2024-06-02,summer,8.7,0.0,5.0,65.0,5,1,0,0,62,232.09
2024-06-03,summer,13.4,3.8,12.9,36.4,25,0,0,1,68,315.38
2024-06-04,summer,33.4,8.1,8.8,71.9,10,0,0,1,61,215.41
2024-06-05,summer,15.4,0.0,20.9,52.2,20,0,0,0,72,296.21
2024-06-06,summer,24.8,0.0,16.7,55.4,0,0,0,0,64,235.6
2024-06-07,summer,8.5,0.0,11.2,72.1,5,0,0,0,44,234.31
2024-06-08,summer,1.0,0.0,15.4,67.3,25,1,0,0,69,284.41
2024-06-09,summer,3.4,0.0,12.1,57.7,10,1,0,0,69,256.69
2024-06-10,summer,6.0,1.0,24.7,55.6,15,0,0,1,46,246.71
2024-06-11,summer,35.0,0.0,18.3,65.6,25,0,0,0,69,296.19
2024-06-12,summer,5.0,0.0,19.0,58.7,10,0,0,0,55,251.08
2024-06-13,summer,23.2,0.0,0.0,49.6,5,0,0,0,64,247.89
2024-06-14,summer,4.1,3.0,14.6,59.7,10,0,0,1,43,195.54
2024-06-15,summer,24.2,2.6,27.5,68.4,0,1,0,1,60,242.25
2024-06-16,summer,18.2,0.0,23.0,61.7,0,1,0,0,82,244.31
2024-06-17,summer,12.3,0.0,3.9,45.6,0,0,0,0,55,201.55
2024-06-18,summer,13.6,0.0,13.1,76.9,20,0,0,0,69,289.72
2024-06-19,summer,6.8,0.0,7.8,28.4,15,0,0,0,54,283.71
2024-06-20,summer,18.9,0.0,25.3,58.2,5,0,0,0,62,232.17
2024-06-21,summer,9.0,5.7,16.5,55.9,5,0,0,1,48,241.15
2024-06-22,summer,0.5,2.9,10.4,65.9,15,1,0,1,61,244.65
2024-06-23,summer,-0.1,3.6,15.2,71.3,20,1,0,1,66,270.5
2024-06-24,summer,15.9,1.0,0.0,78.6,5,0,0,1,50,215.82
2024-06-25,summer,31.4,1.8,8.5,54.7,5,0,0,1,40,220.6
2024-06-26,summer,15.8,0.0,15.2,71.6,20,0,0,0,70,295.73
2024-06-27,summer,12.7,0.0,20.1,66.5,20,0,0,0,55,271.53
2024-06-28,summer,17.1,0.0,3.4,41.7,20,0,0,0,69,345.3
2024-06-29,summer,28.4,3.2,12.7,88.7,5,1,0,1,62,236.41
2024-06-30,summer,16.4,0.0,21.1,45.3,0,1,0,0,72,244.72
2024-07-01,summer,9.5,0.0,6.3,69.5,10,0,0,0,67,259.5
2024-07-02,summer,26.2,0.0,16.4,69.1,5,0,0,0,47,262.44
2024-07-03,summer,18.7,0.0,15.4,67.6,20,0,0,0,86,318.78
2024-07-04,summer,30.9,0.0,25.3,57.6,0,0,0,0,49,195.33
2024-07-05,summer,16.0,0.0,13.6,74.8,15,0,1,0,68,311.39
2024-07-06,summer,0.5,0.0,14.0,43.7,20,1,0,0,58,268.79
2024-07-07,summer,-1.0,0.0,20.1,63.1,25,1,0,0,74,310.96
2024-07-08,summer,32.2,0.7,7.0,56.7,15,0,0,0,55,236.66
2024-07-09,summer,33.0,1.6,13.7,55.2,25,0,1,1,61,310.73
2024-07-10,summer,12.0,4.6,12.3,69.6,0,0,0,1,35,199.82
2024-07-11,summer,9.8,0.0,14.2,78.0,5,0,0,0,53,230.3
2024-07-12,summer,30.1,0.0,20.1,59.5,0,0,0,0,56,209.96
2024-07-13,summer,1.8,0.0,18.3,74.1,25,1,0,0,69,323.48
2024-07-14,summer,4.2,0.0,10.5,64.6,20,1,0,0,77,305.36
2024-07-15,summer,21.1,8.4,15.8,52.4,0,0,0,1,63,231.49
2024-07-16,summer,9.7,0.0,23.9,60.6,0,0,0,0,45,191.31
2024-07-17,summer,13.9,2.3,10.0,60.1,10,0,0,1,66,265.73
2024-07-18,summer,12.2,0.0,15.9,54.9,5,0,0,0,55,225.61
2024-07-19,summer,17.7,3.4,13.8,69.6,20,0,0,1,67,309.81
2024-07-20,summer,29.5,0.0,14.6,67.1,5,1,1,0,69,312.04
2024-07-21,summer,15.0,0.0,5.2,43.3,20,1,0,0,82,335.39
2024-07-22,summer,21.1,0.0,23.5,42.5,10,0,0,0,52,287.61
2024-07-23,summer,-8.6,3.4,10.4,69.5,10,0,0,1,31,152.16
2024-07-24,summer,13.5,0.0,21.2,53.4,0,0,0,0,45,215.42
2024-07-25,summer,4.7,0.0,11.3,67.9,25,0,0,0,71,305.28
2024-07-26,summer,0.6,0.0,11.2,74.2,15,0,0,0,59,253.87
2024-07-27,summer,4.3,0.0,22.3,47.5,10,1,0,0,68,244.14
2024-07-28,summer,10.3,1.5,21.0,45.7,10,1,0,1,64,256.47
2024-07-29,summer,24.1,0.0,16.3,85.8,20,0,0,0,66,268.63
2024-07-30,summer,-0.6,7.1,19.6,68.6,20,0,0,1,43,248.21
2024-07-31,summer,14.3,6.6,13.3,58.5,20,0,0,1,75,260.88
2024-08-01,summer,8.7,0.0,14.9,51.9,15,0,0,0,54,279.34
2024-08-02,summer,10.4,0.0,11.0,57.4,20,0,0,0,49,303.26
2024-08-03,summer,25.0,2.1,20.4,48.5,5,1,0,1,75,250.81
2024-08-04,summer,19.9,0.7,10.8,75.5,15,1,0,0,88,305.26
2024-08-05,summer,28.7,2.9,23.9,53.9,10,0,0,1,65,237.66
2024-08-06,summer,12.3,2.8,13.1,78.2,10,0,0,1,61,239.23
2024-08-07,summer,6.3,0.0,15.1,58.8,25,0,0,0,70,282.83
2024-08-08,summer,11.5,4.9,19.6,50.4,25,0,0,1,64,302.82
2024-08-09,summer,16.7,0.0,15.1,58.5,10,0,0,0,51,244.75
2024-08-10,summer,15.9,4.4,13.2,29.9,10,1,0,1,72,257.7
2024-08-11,summer,2.1,5.7,14.8,62.4,20,1,0,1,67,275.19
2024-08-12,summer,15.0,0.0,20.4,61.8,25,0,0,0,71,312.33
2024-08-13,summer,16.5,3.0,11.0,74.7,15,0,0,1,61,270.2
2024-08-14,summer,35.0,0.0,14.2,39.5,0,0,0,0,40,199.94
2024-08-15,summer,34.6,0.0,15.1,79.1,5,0,0,0,44,241.21
2024-08-16,summer,4.6,0.0,20.2,74.7,20,0,0,0,68,270.11
2024-08-17,summer,10.8,0.0,14.4,80.3,15,1,0,0,85,291.71
2024-08-18,summer,-2.1,3.6,25.8,63.3,15,1,1,1,55,275.96
2024-08-19,summer,7.5,0.0,14.1,77.2,15,0,0,0,59,269.74
2024-08-20,summer,17.5,0.0,13.6,44.9,10,0,1,0,58,306.82
2024-08-21,summer,27.3,0.0,14.0,73.3,10,0,1,0,65,292.26
2024-08-22,summer,6.0,0.7,7.1,54.0,20,0,0,0,65,275.42
2024-08-23,summer,6.8,2.0,8.8,42.5,5,0,0,1,36,191.61
2024-08-24,summer,-9.6,1.8,11.8,49.4,15,1,0,1,50,212.07
2024-08-25,summer,12.2,2.0,21.8,64.1,15,1,0,1,74,278.26
2024-08-26,summer,2.3,0.0,14.8,53.3,20,0,0,0,58,266.88
2024-08-27,summer,8.2,2.0,12.1,68.9,5,0,0,1,56,216.79
2024-08-28,summer,4.4,2.8,22.4,40.5,15,0,0,1,61,241.56
2024-08-29,summer,13.0,2.0,24.3,36.3,0,0,0,1,47,212.19
2024-08-30,summer,-5.3,0.0,22.5,81.8,0,0,0,0,36,150.96
2024-08-31,summer,-2.1,14.6,9.9,75.7,10,1,0,1,48,213.22
2024-09-01,autumn,35.0,0.0,12.0,50.4,0,1,0,0,55,200.02
2024-09-02,autumn,-0.2,2.1,25.9,64.0,25,0,0,1,53,252.72
2024-09-03,autumn,1.9,0.0,16.4,77.3,20,0,1,0,58,255.95
2024-09-04,autumn,34.2,11.4,13.4,69.4,0,0,0,1,44,179.52
2024-09-05,autumn,35.0,0.0,19.3,65.9,20,0,1,0,54,274.51
2024-09-06,autumn,1.1,2.8,21.0,78.2,10,0,0,1,39,188.09
2024-09-07,autumn,9.9,0.2,11.6,54.5,15,1,0,0,66,276.18
2024-09-08,autumn,17.8,2.9,16.3,64.4,20,1,0,1,75,302.07
2024-09-09,autumn,33.0,3.6,20.6,63.8,10,0,0,1,53,195.19
2024-09-10,autumn,3.1,2.0,8.0,60.5,0,0,0,1,40,159.96
2024-09-11,autumn,11.3,0.0,15.1,58.9,0,0,0,0,56,181.47
2024-09-12,autumn,22.6,0.0,8.3,64.9,10,0,0,0,61,237.74
2024-09-13,autumn,18.8,11.5,9.1,64.4,25,0,0,1,68,300.73
2024-09-14,autumn,9.9,0.0,11.6,50.4,10,1,0,0,78,267.84
2024-09-15,autumn,12.5,0.0,17.9,74.4,10,1,0,0,71,265.33
2024-09-16,autumn,-1.1,3.3,13.1,51.3,0,0,0,1,33,165.27
2024-09-17,autumn,11.4,3.1,11.1,61.2,20,0,0,1,59,262.43
2024-09-18,autumn,11.1,0.7,15.3,60.2,5,0,0,0,56,200.29
2024-09-19,autumn,16.6,6.3,8.1,68.7,15,0,0,1,69,242.51
2024-09-20,autumn,7.9,0.0,17.6,36.5,15,0,0,0,64,247.09
2024-09-21,autumn,19.2,0.0,21.8,75.6,5,1,0,0,76,239.54
2024-09-22,autumn,25.1,0.0,14.5,55.2,0,1,0,0,64,227.69
2024-09-23,autumn,15.7,0.0,13.8,79.9,10,0,0,0,74,244.98
2024-09-24,autumn,17.9,0.0,17.2,57.8,5,0,0,0,66,232.33
2024-09-25,autumn,14.6,4.1,2.8,63.4,15,0,1,1,58,320.45
2024-09-26,autumn,14.0,6.2,18.2,88.9,20,0,0,1,72,244.12
2024-09-27,autumn,6.1,1.8,33.6,60.4,5,0,0,1,41,183.6
2024-09-28,autumn,17.5,1.9,14.3,80.1,10,1,0,1,82,240.86
2024-09-29,autumn,12.9,5.2,14.3,64.5,0,1,0,1,70,207.79
2024-09-30,autumn,35.0,0.0,19.5,69.4,5,0,0,0,44,200.16
2024-10-01,autumn,31.3,3.4,24.9,64.9,15,0,0,1,60,246.42
2024-10-02,autumn,18.2,1.6,20.8,75.0,20,0,0,1,72,267.19
2024-10-03,autumn,5.6,0.0,2.1,55.1,15,0,1,0,70,275.92
2024-10-04,autumn,1.8,2.9,18.4,51.2,0,0,0,1,31,157.97
2024-10-05,autumn,27.1,0.0,30.4,55.7,10,1,0,0,83,248.64
2024-10-06,autumn,16.9,18.0,18.7,65.3,10,1,0,1,68,236.39
2024-10-07,autumn,19.3,0.0,8.1,61.1,25,0,0,0,69,311.02
2024-10-08,autumn,-5.2,3.4,16.7,73.2,15,0,0,1,38,200.08
2024-10-09,autumn,24.2,0.0,7.3,81.0,25,0,0,0,75,314.65
2024-10-10,autumn,19.0,4.1,22.4,51.3,0,0,0,1,48,200.25
2024-10-11,autumn,1.8,3.8,9.3,54.5,10,0,0,1,45,200.63
2024-10-12,autumn,8.8,0.0,15.4,45.3,15,1,0,0,77,256.72
2024-10-13,autumn,16.9,3.5,9.9,90.4,10,1,0,1,74,262.3
2024-10-14,autumn,14.6,1.3,11.7,68.0,15,0,0,1,57,241.18
2024-10-15,autumn,10.8,0.0,23.9,70.2,10,0,0,0,56,239.63
2024-10-16,autumn,12.9,0.6,15.6,46.6,25,0,0,0,65,302.55
2024-10-17,autumn,11.2,0.0,11.6,64.0,5,0,0,0,55,216.14
2024-10-18,autumn,15.7,0.0,8.1,70.6,25,0,0,0,79,292.57
2024-10-19,autumn,30.2,2.5,3.8,60.7,10,1,0,1,69,252.08
2024-10-20,autumn,-10.0,0.0,7.5,78.0,10,1,0,0,39,213.01
2024-10-21,autumn,11.4,2.8,15.7,94.1,10,0,0,1,50,211.98
2024-10-22,autumn,15.9,0.0,20.9,51.7,5,0,0,0,60,222.41
2024-10-23,autumn,17.3,4.6,11.6,50.7,25,0,0,1,77,304.55
2024-10-24,autumn,9.9,2.3,24.4,52.6,20,0,0,1,67,262.23
2024-10-25,autumn,-5.3,3.2,10.7,84.9,25,0,0,1,56,232.25
2024-10-26,autumn,17.6,0.0,13.6,77.6,25,1,0,0,89,310.2
2024-10-27,autumn,33.0,0.0,8.5,62.2,15,1,1,0,76,312.0
2024-10-28,autumn,-2.9,0.0,20.9,64.5,10,0,0,0,33,190.98
2024-10-29,autumn,23.5,0.0,27.6,53.4,20,0,0,0,75,292.17
2024-10-30,autumn,10.4,0.0,4.4,75.6,0,0,0,0,43,199.17
2024-10-31,autumn,13.3,0.0,12.9,59.1,20,0,0,0,66,258.4
2024-11-01,autumn,2.4,0.0,22.6,60.6,10,0,0,0,66,214.13
2024-11-02,autumn,10.3,0.0,6.3,71.9,15,1,0,0,75,284.51
2024-11-03,autumn,28.3,2.7,18.4,61.6,10,1,0,1,64,259.14
2024-11-04,autumn,20.4,0.0,22.3,60.9,10,0,0,0,70,257.77
2024-11-05,autumn,33.1,0.0,15.5,64.1,0,0,0,0,45,168.82
2024-11-06,autumn,27.0,3.5,18.3,74.3,10,0,0,1,52,243.28
2024-11-07,autumn,18.8,2.6,25.6,85.4,10,0,0,1,74,236.99
2024-11-08,autumn,33.2,1.4,26.7,71.6,5,0,0,1,53,177.22
2024-11-09,autumn,18.8,0.0,14.6,74.4,5,1,0,0,77,247.84
2024-11-10,autumn,23.1,0.7,11.8,61.4,10,1,0,0,72,269.08
2024-11-11,autumn,10.7,0.0,9.5,54.8,5,0,0,0,51,228.15
2024-11-12,autumn,14.7,0.0,20.9,72.5,20,0,0,0,77,272.85
2024-11-13,autumn,6.3,0.0,6.8,66.2,0,0,0,0,47,198.76
2024-11-14,autumn,24.9,3.9,13.5,45.5,10,0,0,1,41,219.43
2024-11-15,autumn,1.0,0.0,15.6,59.7,5,0,0,0,57,180.98
2024-11-16,autumn,22.6,0.0,12.0,62.9,10,1,0,0,80,256.34
2024-11-17,autumn,11.9,6.9,16.7,57.4,10,1,0,1,69,237.94
2024-11-18,autumn,26.9,0.8,30.4,83.3,15,0,0,0,67,259.02
2024-11-19,autumn,22.3,1.1,14.3,70.2,10,0,1,1,65,296.22
2024-11-20,autumn,34.0,6.8,12.4,81.9,10,0,0,1,54,214.21
2024-11-21,autumn,22.0,0.0,21.1,67.4,5,0,0,0,61,227.63
2024-11-22,autumn,-3.3,0.0,16.4,65.1,10,0,0,0,34,197.97
2024-11-23,autumn,13.3,0.0,23.6,51.8,10,1,0,0,74,270.44
2024-11-24,autumn,1.1,0.0,16.0,64.2,15,1,0,0,72,235.79
2024-11-25,autumn,8.3,0.0,13.5,64.2,10,0,0,0,50,222.8
2024-11-26,autumn,30.6,0.0,4.3,46.2,15,0,0,0,57,280.45
2024-11-27,autumn,21.0,0.0,5.3,57.0,10,0,0,0,75,252.04
2024-11-28,autumn,6.3,0.5,4.0,59.8,5,0,0,0,42,187.21
2024-11-29,autumn,2.8,0.0,17.3,69.4,5,0,0,0,42,195.29
2024-11-30,autumn,14.4,3.5,6.8,70.0,0,1,0,1,60,220.67
2024-12-01,winter,0.6,0.0,22.5,56.4,10,1,0,0,59,232.28
2024-12-02,winter,6.6,0.0,15.2,70.1,20,0,0,0,50,268.67
2024-12-03,winter,17.4,0.0,13.5,61.6,15,0,0,0,64,284.44
2024-12-04,winter,26.7,1.6,9.9,26.7,10,0,0,1,59,271.49
2024-12-05,winter,20.7,0.0,18.7,57.7,5,0,0,0,65,244.51
2024-12-06,winter,-10.0,1.9,10.2,78.0,20,0,0,1,44,213.38
2024-12-07,winter,17.3,0.0,9.1,42.1,0,1,0,0,81,268.11
2024-12-08,winter,14.8,1.1,22.1,65.5,10,1,0,1,79,251.36
2024-12-09,winter,18.6,0.0,17.1,84.6,20,0,0,0,78,276.63
2024-12-10,winter,31.8,0.0,13.6,54.1,10,0,0,0,55,245.47
2024-12-11,winter,-8.7,1.0,18.8,64.0,0,0,0,1,21,153.96
2024-12-12,winter,7.5,3.6,15.1,47.0,5,0,1,1,46,238.31
2024-12-13,winter,20.5,0.0,17.3,85.2,15,0,0,0,74,276.85
2024-12-14,winter,-3.4,4.8,10.1,62.9,0,1,0,1,48,163.69
2024-12-15,winter,30.2,6.8,27.4,64.6,15,1,0,1,74,267.32
2024-12-16,winter,18.1,0.7,11.5,81.6,10,0,0,0,60,256.74
2024-12-17,winter,23.3,6.8,24.3,72.6,5,0,0,1,62,207.15
2024-12-18,winter,7.7,0.0,13.9,52.6,5,0,1,0,58,244.76
2024-12-19,winter,23.0,0.0,19.8,55.6,20,0,0,0,78,294.49
2024-12-20,winter,25.8,1.2,19.4,70.4,10,0,1,1,58,258.93
2024-12-21,winter,16.6,0.0,21.9,55.9,15,1,0,0,75,300.37
2024-12-22,winter,16.6,2.3,10.0,36.5,10,1,0,1,67,278.2
2024-12-23,winter,17.0,8.0,21.5,63.3,0,0,0,1,48,207.09
2024-12-24,winter,4.5,0.0,26.1,44.8,10,0,1,0,52,244.71
2024-12-25,winter,12.4,1.0,13.4,85.0,10,0,0,1,58,207.14
2024-12-26,winter,12.3,0.0,15.2,66.3,10,0,0,0,50,247.41
2024-12-27,winter,18.2,0.0,11.9,52.2,20,0,0,0,69,294.61
2024-12-28,winter,25.0,0.0,12.9,54.9,20,1,0,0,85,342.86
2024-12-29,winter,2.4,0.0,25.3,39.4,20,1,0,0,63,307.35
2024-12-30,winter,12.6,1.4,9.0,49.7,10,0,0,1,57,260.71
2024-12-31,winter,30.3,12.0,9.3,77.2,10,0,0,1,48,203.15
2025-01-01,winter,5.8,3.9,24.7,93.0,15,0,0,1,46,231.31
2025-01-02,winter,5.0,0.0,18.7,73.4,5,0,0,0,47,215.22
2025-01-03,winter,16.2,0.0,27.7,62.8,20,0,0,0,72,297.12
2025-01-04,winter,23.3,1.0,12.3,58.4,20,1,0,0,76,306.11
2025-01-05,winter,14.1,1.9,15.8,51.6,5,1,0,1,65,257.99
2025-01-06,winter,28.6,1.8,11.0,90.8,20,0,0,1,65,266.89
2025-01-07,winter,23.4,0.0,15.9,61.5,20,0,1,0,68,329.63
2025-01-08,winter,23.3,0.0,4.4,91.5,10,0,0,0,56,239.47
2025-01-09,winter,20.1,0.0,19.1,82.1,20,0,0,0,65,303.81
2025-01-10,winter,35.0,0.0,16.9,41.4,0,0,0,0,43,195.24
2025-01-11,winter,11.7,2.5,14.7,55.3,0,1,0,1,52,223.06
2025-01-12,winter,-8.0,0.0,12.7,55.3,5,1,0,0,44,206.53
2025-01-13,winter,31.6,0.0,9.6,63.0,10,0,0,0,66,244.4
2025-01-14,winter,9.0,3.8,19.4,63.2,5,0,0,1,39,201.88
2025-01-15,winter,15.2,0.0,8.0,100.0,25,0,0,0,70,312.7
2025-01-16,winter,28.4,2.0,18.1,50.0,5,0,0,1,65,214.52
2025-01-17,winter,-3.6,0.0,27.4,67.0,5,0,0,0,40,165.1
2025-01-18,winter,0.2,0.0,23.9,72.0,15,1,0,0,60,260.77
2025-01-19,winter,-3.6,0.0,6.0,64.0,0,1,0,0,47,186.05
2025-01-20,winter,5.3,0.0,11.8,65.4,15,0,0,0,57,231.83
2025-01-21,winter,18.8,4.9,17.5,50.4,10,0,0,1,72,236.31
2025-01-22,winter,19.8,0.0,14.6,65.4,25,0,0,0,74,322.95
2025-01-23,winter,17.0,0.0,6.6,70.6,15,0,0,0,63,275.48
2025-01-24,winter,-1.5,0.0,17.3,68.3,0,0,0,0,28,146.23
2025-01-25,winter,-10.0,0.0,14.9,71.4,0,1,0,0,41,171.06
2025-01-26,winter,14.6,1.8,26.5,82.4,0,1,0,1,55,228.28
2025-01-27,winter,8.8,0.0,13.5,76.2,25,0,0,0,62,285.85
2025-01-28,winter,19.1,0.0,22.0,64.9,15,0,0,0,64,275.36
2025-01-29,winter,21.7,1.1,7.4,48.8,10,0,0,1,69,268.47
2025-01-30,winter,15.5,0.0,8.8,56.2,5,0,0,0,55,246.94
2025-01-31,winter,22.4,0.0,19.3,61.1,20,0,0,0,76,311.78
2025-02-01,winter,16.5,0.0,21.5,67.3,5,1,0,0,63,223.65
2025-02-02,winter,19.8,0.0,9.3,57.8,15,1,0,0,84,330.04
2025-02-03,winter,6.2,1.8,15.1,51.8,15,0,0,1,44,245.53
2025-02-04,winter,12.0,0.0,6.7,48.6,5,0,0,0,52,260.97
2025-02-05,winter,16.2,1.5,13.9,42.5,10,0,0,1,72,235.78
2025-02-06,winter,23.0,0.0,20.0,60.9,5,0,0,0,68,219.56
2025-02-07,winter,9.7,0.0,12.4,44.9,10,0,0,0,55,243.68
2025-02-08,winter,19.7,0.0,13.5,51.0,25,1,0,0,109,343.71
2025-02-09,winter,11.1,0.0,8.2,58.9,15,1,0,0,68,296.19
2025-02-10,winter,12.7,0.0,11.1,46.6,20,0,1,0,73,331.85
2025-02-11,winter,23.1,0.0,25.5,68.9,10,0,0,0,56,254.75
2025-02-12,winter,-7.9,0.0,15.4,73.6,5,0,0,0,32,172.09
2025-02-13,winter,-0.3,0.0,9.0,56.9,15,0,0,0,40,243.59
2025-02-14,winter,-2.3,0.0,13.1,58.3,10,0,0,0,44,208.58
2025-02-15,winter,-10.0,5.3,5.4,71.0,5,1,0,1,40,180.01
2025-02-16,winter,6.5,0.0,8.9,54.7,10,1,0,0,64,271.58
2025-02-17,winter,22.2,0.0,23.2,53.8,15,0,0,0,77,296.18
2025-02-18,winter,10.9,0.0,14.1,79.6,15,0,1,0,57,300.23
2025-02-19,winter,16.2,0.0,26.3,75.5,5,0,0,0,61,226.57
2025-02-20,winter,26.0,0.9,14.4,71.8,20,0,0,0,70,250.52
2025-02-21,winter,28.6,0.0,14.8,76.0,10,0,1,0,51,273.07
2025-02-22,winter,13.2,3.4,18.8,38.3,5,1,0,1,61,233.26
2025-02-23,winter,28.9,2.1,0.0,81.6,5,1,0,1,65,237.56
2025-02-24,winter,15.0,0.0,16.2,69.1,20,0,0,0,72,279.7
2025-02-25,winter,4.8,0.7,14.7,77.1,5,0,0,0,51,190.73
2025-02-26,winter,7.5,4.0,23.9,69.0,10,0,0,1,48,202.48
2025-02-27,winter,-2.3,0.0,20.8,64.6,5,0,0,0,37,173.25
2025-02-28,winter,4.2,0.0,8.2,60.4,15,0,0,0,48,262.26
2025-03-01,spring,10.1,4.9,22.5,68.8,20,1,0,1,74,262.12
2025-03-02,spring,22.8,2.4,13.4,59.9,5,1,0,1,70,243.7
2025-03-03,spring,32.9,0.0,9.6,75.3,25,0,0,0,64,294.91
2025-03-04,spring,-1.2,0.0,16.2,43.4,0,0,0,0,36,179.48
2025-03-05,spring,18.3,0.0,13.8,57.0,0,0,0,0,61,222.75
2025-03-06,spring,2.6,0.0,24.2,90.6,10,0,0,0,45,205.96
2025-03-07,spring,19.2,4.4,17.0,55.9,15,0,0,1,61,266.17
2025-03-08,spring,12.6,0.0,16.2,60.9,5,1,0,0,71,257.14
2025-03-09,spring,-6.1,6.8,20.4,52.5,10,1,1,1,29,236.27
2025-03-10,spring,24.2,0.0,21.6,68.4,5,0,0,0,57,203.66
2025-03-11,spring,7.3,1.8,19.7,54.4,10,0,0,1,42,203.02
2025-03-12,spring,8.1,0.0,23.5,61.6,15,0,0,0,65,249.68
2025-03-13,spring,2.2,3.6,18.7,75.0,25,0,0,1,51,242.4
2025-03-14,spring,6.8,0.0,16.0,54.9,10,0,0,0,49,242.68
2025-03-15,spring,18.7,6.1,22.4,74.3,15,1,0,1,78,273.55
2025-03-16,spring,11.9,0.0,14.5,74.7,10,1,1,0,68,286.74
2025-03-17,spring,17.6,1.7,15.2,77.7,5,0,0,1,54,224.96
2025-03-18,spring,18.0,2.5,25.3,65.8,5,0,0,1,58,209.21
2025-03-19,spring,28.5,8.6,24.7,100.0,25,0,0,1,64,271.39
2025-03-20,spring,10.2,0.0,15.0,77.7,5,0,0,0,50,218.61
2025-03-21,spring,-2.2,0.0,12.3,68.2,20,0,0,0,44,220.24
2025-03-22,spring,25.7,0.0,23.8,52.6,0,1,0,0,62,226.3
2025-03-23,spring,10.4,0.0,19.8,62.7,20,1,0,0,77,300.67
2025-03-24,spring,26.3,0.0,16.9,82.5,5,0,0,0,61,220.09
2025-03-25,spring,18.2,3.8,13.1,86.2,25,0,0,1,63,305.39
2025-03-26,spring,12.6,0.0,17.0,83.2,15,0,0,0,67,230.57
2025-03-27,spring,17.8,0.0,14.9,74.2,0,0,0,0,62,187.6
2025-03-28,spring,35.0,0.0,11.0,47.7,15,0,0,0,62,255.29
2025-03-29,spring,35.0,0.0,15.8,70.3,15,1,0,0,71,273.8
2025-03-30,spring,14.8,0.0,16.6,47.9,5,1,0,0,75,246.38
2025-03-31,spring,15.8,0.0,12.7,44.7,5,0,0,0,72,233.95
2025-04-01,spring,25.8,0.0,20.4,67.1,15,0,0,0,64,269.42
2025-04-02,spring,4.7,1.5,22.7,70.8,15,0,0,1,43,207.58
2025-04-03,spring,17.7,0.0,20.8,75.7,5,0,0,0,52,215.56
2025-04-04,spring,13.7,0.0,13.3,70.5,20,0,0,0,78,277.62
2025-04-05,spring,17.5,0.0,19.5,70.9,5,1,0,0,84,259.9
2025-04-06,spring,4.8,0.0,15.5,51.2,0,1,0,0,51,191.53
2025-04-07,spring,-3.5,1.7,7.6,62.6,10,0,0,1,33,183.43
2025-04-08,spring,-8.8,1.3,19.0,44.4,0,0,0,1,23,132.11
2025-04-09,spring,1.7,2.3,15.9,38.0,5,0,0,1,47,186.81
2025-04-10,spring,9.0,0.0,30.6,73.6,10,0,0,0,47,219.09
2025-04-11,spring,10.8,1.5,23.7,54.2,5,0,0,1,37,190.67
2025-04-12,spring,35.0,0.0,19.3,75.3,5,1,1,0,75,268.06
2025-04-13,spring,26.2,0.0,16.5,78.4,15,1,0,0,81,276.11
2025-04-14,spring,3.4,0.0,16.0,55.9,10,0,0,0,52,211.39
2025-04-15,spring,17.8,2.0,9.0,71.7,20,0,0,1,66,253.37
2025-04-16,spring,9.5,0.0,4.6,55.4,10,0,0,0,58,225.1
2025-04-17,spring,10.9,5.1,9.8,40.0,10,0,0,1,44,230.67
2025-04-18,spring,16.0,0.0,14.7,65.6,5,0,0,0,54,228.36
2025-04-19,spring,20.8,1.4,2.4,57.9,20,1,0,1,84,316.18
2025-04-20,spring,10.3,2.5,11.7,58.3,5,1,0,1,48,229.93
2025-04-21,spring,25.7,4.2,13.5,89.7,5,0,1,1,53,261.31
2025-04-22,spring,1.4,0.0,13.7,44.2,20,0,0,0,52,242.56
2025-04-23,spring,14.1,5.1,11.0,69.0,15,0,0,1,58,224.9
2025-04-24,spring,35.0,0.0,13.0,51.1,15,0,0,0,53,232.03
2025-04-25,spring,16.5,0.0,25.3,75.8,0,0,0,0,50,192.1
2025-04-26,spring,29.8,0.0,19.0,67.9,0,1,0,0,54,206.7
2025-04-27,spring,15.0,12.1,11.6,68.9,10,1,0,1,67,238.5
2025-04-28,spring,20.4,5.6,14.6,51.7,15,0,0,1,65,277.08
2025-04-29,spring,13.4,0.0,14.8,54.0,10,0,0,0,51,258.1
2025-04-30,spring,12.1,3.7,10.4,76.1,0,0,0,1,47,187.38
2025-05-01,spring,5.4,0.0,10.4,87.0,5,0,0,0,46,221.54
2025-05-02,spring,18.7,2.7,21.1,70.2,10,0,0,1,58,228.46
2025-05-03,spring,4.6,0.0,12.5,52.3,15,1,0,0,54,243.25
2025-05-04,spring,21.3,3.5,8.4,68.4,0,1,0,1,74,240.87
2025-05-05,spring,25.9,0.0,14.7,95.6,0,0,0,0,48,176.9
2025-05-06,spring,18.0,2.2,15.7,65.3,5,0,0,1,57,205.95
2025-05-07,spring,10.9,0.0,3.2,83.0,0,0,0,0,45,199.52
2025-05-08,spring,19.0,5.8,14.8,54.4,10,0,0,1,59,237.83
2025-05-09,spring,10.6,0.0,20.2,63.5,0,0,0,0,57,188.73
2025-05-10,spring,24.3,0.0,17.7,72.1,15,1,0,0,84,273.88
2025-05-11,spring,-6.1,3.3,28.4,69.2,15,1,0,1,58,213.57
2025-05-12,spring,10.3,1.8,22.5,54.0,25,0,0,1,65,284.62
2025-05-13,spring,-7.9,3.5,23.7,53.5,25,0,0,1,45,228.82
2025-05-14,spring,-2.4,3.5,31.8,76.8,5,0,0,1,24,147.73
2025-05-15,spring,29.0,1.1,19.5,79.5,0,0,0,1,46,164.49
2025-05-16,spring,23.8,0.0,16.0,83.7,5,0,0,0,60,215.45
2025-05-17,spring,6.1,0.0,20.8,87.5,15,1,0,0,76,260.38
2025-05-18,spring,-2.5,4.7,11.6,65.8,0,1,0,1,41,176.12
2025-05-19,spring,-10.0,0.0,15.6,60.0,5,0,0,0,33,153.33
2025-05-20,spring,8.0,1.3,11.1,81.6,5,0,0,1,48,162.49
2025-05-21,spring,35.0,0.0,17.4,73.3,5,0,0,0,56,205.24
2025-05-22,spring,18.8,1.4,11.1,51.2,15,0,0,1,64,248.76
2025-05-23,spring,7.8,0.0,10.9,50.6,15,0,0,0,62,255.76
2025-05-24,spring,19.1,0.0,17.5,70.4,10,1,0,0,69,263.8
2025-05-25,spring,-3.2,4.7,14.2,61.7,20,1,0,1,48,234.6
2025-05-26,spring,10.7,0.6,3.4,63.7,0,0,0,0,32,184.98
2025-05-27,spring,15.1,3.1,6.3,77.9,0,0,0,1,55,217.78
2025-05-28,spring,13.1,0.0,8.1,73.9,10,0,0,0,63,245.82
2025-05-29,spring,22.7,0.0,9.7,81.3,15,0,0,0,75,270.28
2025-05-30,spring,17.8,0.0,17.5,38.9,10,0,0,0,60,256.93
2025-05-31,spring,21.4,0.0,16.3,67.3,0,1,0,0,70,218.63
2025-06-01,summer,6.4,0.0,21.4,73.0,25,1,0,0,75,302.0
2025-06-02,summer,23.9,0.0,19.5,44.2,5,0,1,0,70,250.42
2025-06-03,summer,31.9,0.0,21.4,55.5,5,0,0,0,63,248.85
2025-06-04,summer,3.3,0.0,18.7,53.1,15,0,0,0,57,269.71
2025-06-05,summer,4.2,5.1,16.3,64.3,25,0,0,1,58,280.65
2025-06-06,summer,28.7,0.0,21.6,85.2,15,0,0,0,71,268.86
2025-06-07,summer,11.9,5.2,20.5,90.3,25,1,0,1,76,292.48
2025-06-08,summer,29.4,3.6,17.3,53.4,5,1,0,1,62,243.32
2025-06-09,summer,9.1,0.0,22.6,70.8,15,0,0,0,58,281.52
2025-06-10,summer,30.0,2.0,0.9,71.3,20,0,0,1,55,280.96
2025-06-11,summer,15.4,7.8,13.3,69.0,10,0,0,1,57,239.07
2025-06-12,summer,16.8,7.2,13.2,69.2,10,0,0,1,53,228.09
2025-06-13,summer,31.2,0.0,21.9,67.9,25,0,1,0,74,349.44
2025-06-14,summer,10.0,0.0,24.4,85.9,0,1,0,0,66,224.35
2025-06-15,summer,3.6,6.6,6.3,78.3,10,1,0,1,67,220.84
2025-06-16,summer,9.1,4.6,23.5,50.2,20,0,0,1,48,258.01
2025-06-17,summer,19.0,0.0,8.0,74.3,20,0,0,0,84,291.67
2025-06-18,summer,-3.2,0.0,8.2,75.6,25,0,0,0,43,270.8
2025-06-19,summer,21.0,16.1,13.6,68.1,20,0,0,1,59,285.72
2025-06-20,summer,8.1,0.0,13.1,78.7,0,0,0,0,43,196.04
2025-06-21,summer,26.6,0.0,5.6,66.4,25,1,0,0,93,353.23
2025-06-22,summer,-10.0,4.3,18.9,66.6,10,1,0,1,45,208.28
2025-06-23,summer,5.3,0.0,19.1,65.6,15,0,0,0,53,266.08
2025-06-24,summer,-4.6,0.0,21.3,37.8,10,0,1,0,36,241.62
2025-06-25,summer,4.9,0.0,12.4,63.0,20,0,0,0,49,310.74
2025-06-26,summer,16.7,0.0,14.8,55.3,10,0,0,0,70,258.63
2025-06-27,summer,12.0,0.0,14.8,48.6,20,0,0,0,70,282.76
2025-06-28,summer,11.2,0.0,25.1,82.6,5,1,1,0,75,265.22
2025-06-29,summer,12.2,0.0,0.0,70.6,5,1,0,0,71,258.94
2025-06-30,summer,16.2,0.0,9.3,63.6,10,0,0,0,47,243.7
2025-07-01,summer,2.9,0.0,15.0,56.7,0,0,0,0,34,197.38
2025-07-02,summer,21.8,0.0,8.5,67.9,15,0,0,0,73,269.38
2025-07-03,summer,21.3,0.0,13.5,76.9,5,0,0,0,62,253.62
2025-07-04,summer,18.2,3.7,14.2,53.2,10,0,0,1,57,239.45
2025-07-05,summer,20.1,1.4,11.1,63.9,0,1,0,1,62,240.38
2025-07-06,summer,17.3,4.0,15.4,75.3,5,1,0,1,75,260.33
2025-07-07,summer,35.0,0.0,18.8,38.8,15,0,0,0,59,290.94
2025-07-08,summer,13.0,17.6,13.6,63.3,5,0,0,1,50,195.3
2025-07-09,summer,10.6,0.0,12.3,58.4,5,0,0,0,49,230.14
2025-07-10,summer,5.7,9.0,14.0,62.3,5,0,0,1,45,196.02
2025-07-11,summer,2.6,0.3,15.0,57.5,5,0,0,0,32,187.63
2025-07-12,summer,0.3,0.0,4.6,65.8,15,1,0,0,61,261.7
2025-07-13,summer,4.2,2.8,17.8,89.0,5,1,0,1,40,227.82
2025-07-14,summer,13.2,0.0,12.3,59.8,10,0,1,0,50,281.02
2025-07-15,summer,17.7,5.3,22.6,67.8,15,0,0,1,62,294.2
2025-07-16,summer,14.6,0.0,18.5,89.9,10,0,0,0,75,256.27
2025-07-17,summer,5.6,1.0,22.0,56.8,10,0,0,0,36,209.66
2025-07-18,summer,23.9,0.0,8.9,87.6,5,0,0,0,54,240.24
2025-07-19,summer,22.1,0.0,12.8,64.1,25,1,0,0,92,343.09
2025-07-20,summer,12.2,2.4,7.5,87.2,10,1,0,1,78,269.77
2025-07-21,summer,6.8,15.8,10.8,73.8,5,0,0,1,42,172.3
2025-07-22,summer,20.0,7.2,22.5,68.0,20,0,0,1,74,275.75
2025-07-23,summer,16.1,0.0,23.9,63.1,15,0,0,0,64,270.8
2025-07-24,summer,-1.9,0.0,8.1,55.9,15,0,0,0,44,250.03
2025-07-25,summer,13.3,2.9,12.3,65.0,20,0,0,1,63,294.62
2025-07-26,summer,16.9,0.0,14.5,75.7,0,1,1,0,66,293.95
2025-07-27,summer,4.1,0.0,18.5,63.8,20,1,0,0,74,300.28
2025-07-28,summer,16.1,0.0,4.4,59.9,15,0,0,0,56,284.49
2025-07-29,summer,-2.0,0.0,5.4,60.7,5,0,0,0,45,213.08
2025-07-30,summer,28.7,0.0,17.9,76.9,5,0,0,0,56,218.59
2025-07-31,summer,27.7,0.0,3.3,79.9,0,0,0,0,52,197.98
2025-08-01,summer,11.2,0.0,12.3,55.3,25,0,0,0,58,315.29
2025-08-02,summer,18.0,7.2,16.0,55.3,0,1,0,1,61,227.97
2025-08-03,summer,-10.0,0.3,17.5,68.9,5,1,0,0,47,187.53
2025-08-04,summer,1.3,0.5,14.1,83.9,15,0,0,0,45,228.71
2025-08-05,summer,10.8,0.0,12.8,78.9,15,0,0,0,62,268.58
2025-08-06,summer,2.2,2.2,20.1,47.7,5,0,0,1,35,208.63
2025-08-07,summer,21.9,0.0,16.7,60.6,20,0,0,0,74,319.75
2025-08-08,summer,35.0,0.0,11.1,51.9,10,0,0,0,45,246.43
2025-08-09,summer,1.1,0.0,15.2,60.5,20,1,0,0,67,283.19
2025-08-10,summer,4.8,0.0,17.3,84.9,0,1,0,0,59,216.66
2025-08-11,summer,16.6,4.1,25.3,45.5,0,0,0,1,54,204.39
2025-08-12,summer,31.7,0.0,19.7,43.0,15,0,0,0,54,267.56
2025-08-13,summer,0.6,0.5,22.3,53.2,0,0,0,0,33,203.84
2025-08-14,summer,16.7,0.0,11.3,67.7,10,0,0,0,67,266.09
2025-08-15,summer,34.0,0.0,11.9,72.1,0,0,0,0,46,209.12
2025-08-16,summer,-4.2,0.0,13.6,69.7,15,1,0,0,56,247.04
2025-08-17,summer,-0.1,0.0,14.1,79.3,20,1,1,0,77,324.23
2025-08-18,summer,9.3,9.4,9.0,41.1,20,0,0,1,52,285.97
2025-08-19,summer,8.3,0.0,22.6,79.4,25,0,0,0,71,303.28
2025-08-20,summer,22.9,0.0,20.3,59.9,20,0,0,0,66,308.63
2025-08-21,summer,16.7,0.0,13.2,73.5,10,0,0,0,67,274.21
2025-08-22,summer,-5.5,1.2,18.9,46.8,10,0,0,1,39,213.71
2025-08-23,summer,19.7,2.6,16.3,64.1,20,1,0,1,79,321.39
2025-08-24,summer,7.6,0.0,19.3,67.1,25,1,0,0,70,319.06
2025-08-25,summer,28.0,6.7,6.9,79.0,25,0,1,1,55,340.08
2025-08-26,summer,7.1,0.0,14.1,43.4,15,0,0,0,53,253.29
2025-08-27,summer,7.0,0.0,14.7,64.4,5,0,1,0,52,242.48
2025-08-28,summer,20.0,0.0,18.7,49.9,25,0,0,0,71,329.31
2025-08-29,summer,22.4,2.3,11.2,70.6,25,0,0,1,73,292.31
2025-08-30,summer,18.9,0.0,0.0,74.1,15,1,0,0,74,324.66
2025-08-31,summer,-4.5,2.0,8.5,80.7,20,1,0,1,55,247.41
2025-09-01,autumn,19.9,0.0,14.6,57.0,10,0,0,0,60,253.07
2025-09-02,autumn,2.6,0.0,15.4,76.1,25,0,0,0,58,267.22
2025-09-03,autumn,16.6,6.7,25.1,81.7,0,0,0,1,49,190.12
2025-09-04,autumn,-1.7,0.4,18.5,42.6,20,0,0,0,39,228.64
2025-09-05,autumn,18.9,0.9,15.5,72.0,0,0,0,0,50,199.92
2025-09-06,autumn,5.1,0.0,14.8,76.5,5,1,0,0,55,223.19
2025-09-07,autumn,-0.1,0.0,21.6,60.6,0,1,0,0,43,188.07
2025-09-08,autumn,21.9,2.2,11.5,48.3,10,0,0,1,69,239.05
2025-09-09,autumn,16.7,5.3,14.2,76.3,5,0,0,1,53,226.82
2025-09-10,autumn,7.2,0.0,8.5,48.4,25,0,0,0,50,264.13
2025-09-11,autumn,30.0,4.2,23.5,61.7,10,0,0,1,50,219.22
2025-09-12,autumn,9.2,0.0,17.4,63.5,20,0,1,0,68,292.9
2025-09-13,autumn,14.4,0.0,10.8,73.3,5,1,0,0,66,253.18
2025-09-14,autumn,17.0,0.0,14.3,55.9,0,1,0,0,79,220.55
2025-09-15,autumn,7.2,0.0,18.1,55.1,15,0,0,0,51,240.4
2025-09-16,autumn,19.2,0.0,13.5,65.3,15,0,0,0,72,273.32
2025-09-17,autumn,8.1,0.0,11.8,77.1,10,0,0,0,60,239.87
2025-09-18,autumn,9.5,3.5,11.1,93.7,20,0,0,1,61,254.82
2025-09-19,autumn,29.0,8.5,17.0,44.4,20,0,0,1,54,253.89
2025-09-20,autumn,2.6,0.0,12.9,68.1,10,1,0,0,56,233.4
2025-09-21,autumn,-10.0,5.9,12.3,49.9,25,1,1,1,61,296.96
2025-09-22,autumn,31.7,0.0,7.0,77.2,15,0,0,0,55,238.42
2025-09-23,autumn,35.0,0.0,15.5,51.8,15,0,0,0,62,246.65
2025-09-24,autumn,9.5,0.0,13.9,55.2,10,0,0,0,53,234.37
2025-09-25,autumn,-7.3,2.0,13.1,56.3,0,0,0,1,27,137.47
2025-09-26,autumn,10.6,0.0,16.2,63.0,5,0,0,0,45,247.82
2025-09-27,autumn,10.9,0.0,19.5,68.2,15,1,1,0,70,300.87
2025-09-28,autumn,11.9,7.7,19.2,70.3,15,1,1,1,65,299.4
2025-09-29,autumn,1.8,0.0,18.3,63.9,5,0,0,0,45,184.14
2025-09-30,autumn,20.4,0.0,13.6,46.7,15,0,0,0,71,287.81
2025-10-01,autumn,19.8,0.0,11.6,73.5,5,0,1,0,66,277.28
2025-10-02,autumn,-2.4,0.0,8.7,63.3,5,0,0,0,36,179.71
2025-10-03,autumn,21.7,3.6,11.4,79.1,25,0,0,1,68,298.28
2025-10-04,autumn,35.0,0.0,15.1,54.8,10,1,0,0,67,241.31
2025-10-05,autumn,15.9,0.0,10.3,43.2,5,1,0,0,66,244.91
2025-10-06,autumn,10.3,2.7,15.6,63.6,10,0,0,1,59,232.3
2025-10-07,autumn,12.4,0.0,9.2,80.8,10,0,1,0,58,260.79
2025-10-08,autumn,20.8,11.4,5.0,66.1,15,0,0,1,65,238.18
2025-10-09,autumn,-5.0,3.0,19.9,61.4,25,0,0,1,49,260.21
2025-10-10,autumn,15.8,0.0,12.2,52.7,10,0,0,0,62,241.07
2025-10-11,autumn,9.7,7.4,10.0,86.9,10,1,0,1,55,236.34
2025-10-12,autumn,34.3,0.0,8.4,50.6,10,1,0,0,60,276.62
2025-10-13,autumn,12.1,2.8,17.5,54.6,10,0,0,1,60,223.76
2025-10-14,autumn,32.3,0.0,23.2,71.4,5,0,0,0,53,206.96
2025-10-15,autumn,1.9,0.5,12.6,39.9,0,0,0,0,26,153.15
2025-10-16,autumn,20.5,0.0,13.7,80.6,20,0,0,0,76,273.56
2025-10-17,autumn,17.5,4.4,21.4,72.1,10,0,0,1,57,231.27
2025-10-18,autumn,4.4,0.0,4.1,75.7,10,1,0,0,58,249.51
2025-10-19,autumn,16.0,2.1,26.8,71.3,0,1,0,1,58,217.49
2025-10-20,autumn,27.3,12.2,29.7,61.9,20,0,1,1,66,274.01
2025-10-21,autumn,10.4,0.0,0.0,50.2,5,0,0,0,41,223.86
2025-10-22,autumn,-4.6,0.0,14.4,62.2,10,0,0,0,35,176.76
2025-10-23,autumn,13.8,0.0,10.7,51.3,20,0,0,0,68,290.23
2025-10-24,autumn,4.1,2.3,13.4,70.3,10,0,0,1,55,206.15
2025-10-25,autumn,10.2,6.0,12.5,74.5,25,1,0,1,79,323.09
2025-10-26,autumn,13.1,0.0,19.9,83.2,5,1,0,0,64,239.88
2025-10-27,autumn,-4.8,0.0,14.3,68.8,15,0,0,0,53,204.7
2025-10-28,autumn,-3.8,10.1,9.5,76.0,25,0,0,1,39,241.88
2025-10-29,autumn,19.3,0.0,14.0,60.1,10,0,0,0,68,252.87
2025-10-30,autumn,8.3,0.0,18.1,57.8,15,0,0,0,61,253.57
2025-10-31,autumn,-10.0,0.0,7.9,70.2,10,0,0,0,29,186.72
2025-11-01,autumn,22.6,5.2,5.1,59.0,15,1,0,1,83,274.19
2025-11-02,autumn,17.0,0.0,27.0,67.5,20,1,0,0,81,287.48
2025-11-03,autumn,6.1,4.4,11.1,50.2,15,0,0,1,55,236.56
2025-11-04,autumn,-0.5,0.0,14.2,52.5,25,0,0,0,44,284.51
2025-11-05,autumn,23.2,8.4,12.6,72.3,10,0,0,1,63,240.37
2025-11-06,autumn,17.8,0.0,18.3,75.5,10,0,0,0,62,258.17
2025-11-07,autumn,35.0,0.0,25.6,51.2,5,0,0,0,56,218.32
2025-11-08,autumn,18.6,0.0,18.5,72.7,15,1,0,0,82,297.03
2025-11-09,autumn,18.3,8.6,5.9,57.1,20,1,0,1,88,296.04
2025-11-10,autumn,12.2,5.2,6.7,64.2,15,0,1,1,61,278.67
2025-11-11,autumn,23.0,0.0,12.6,82.4,5,0,0,0,61,247.18
2025-11-12,autumn,20.9,0.0,13.4,74.5,10,0,0,0,72,263.98
2025-11-13,autumn,27.8,0.0,4.7,74.3,15,0,0,0,69,272.74
2025-11-14,autumn,8.3,4.1,19.9,88.8,25,0,0,1,63,259.38
2025-11-15,autumn,9.2,0.0,8.5,54.8,0,1,0,0,48,219.24
2025-11-16,autumn,8.7,8.6,24.0,51.2,0,1,0,1,51,200.48
2025-11-17,autumn,22.7,3.8,25.9,54.6,10,0,0,1,70,239.22
2025-11-18,autumn,30.5,1.4,13.5,60.7,0,0,0,1,39,200.18
2025-11-19,autumn,9.0,0.0,17.6,33.4,25,0,0,0,71,265.4
2025-11-20,autumn,9.3,0.8,7.6,61.3,10,0,0,0,55,221.2
2025-11-21,autumn,17.5,6.0,18.7,56.9,10,0,0,1,56,236.46
2025-11-22,autumn,11.3,0.0,12.0,74.2,5,1,0,0,55,223.73
2025-11-23,autumn,24.5,0.0,8.5,68.6,10,1,0,0,74,284.67
2025-11-24,autumn,-10.0,6.4,13.3,56.2,25,0,0,1,53,221.9
2025-11-25,autumn,4.9,10.0,12.2,71.7,10,0,0,1,41,202.05
2025-11-26,autumn,5.4,0.0,13.0,73.4,0,0,0,0,39,205.01
2025-11-27,autumn,-10.0,3.8,20.7,54.0,5,0,0,1,21,164.59
2025-11-28,autumn,3.4,2.8,10.3,57.6,25,0,0,1,62,270.38
2025-11-29,autumn,3.9,0.0,25.4,35.1,25,1,0,0,72,307.0
2025-11-30,autumn,11.8,3.1,7.0,49.8,5,1,1,1,60,262.49
2025-12-01,winter,26.2,0.0,24.7,54.3,15,0,1,0,74,324.81
2025-12-02,winter,11.3,3.2,8.9,65.0,0,0,0,1,50,201.95
2025-12-03,winter,2.7,7.6,15.0,51.7,10,0,0,1,38,201.37
2025-12-04,winter,13.4,2.7,12.1,57.3,0,0,0,1,41,181.06
2025-12-05,winter,25.5,1.9,12.9,48.1,20,0,0,1,73,289.8
2025-12-06,winter,3.3,3.0,19.8,66.2,25,1,0,1,68,287.26
2025-12-07,winter,4.0,1.3,24.0,69.5,5,1,0,1,46,194.32
2025-12-08,winter,20.1,0.0,22.1,69.2,10,0,0,0,56,265.11
2025-12-09,winter,11.6,0.0,12.6,64.2,0,0,0,0,44,202.61
2025-12-10,winter,21.1,14.7,16.1,44.0,5,0,0,1,48,228.76
2025-12-11,winter,13.8,0.0,10.3,55.9,0,0,0,0,41,219.23
2025-12-12,winter,21.7,0.0,9.1,58.7,5,0,0,0,57,240.89
2025-12-13,winter,2.6,0.0,8.1,58.8,25,1,0,0,66,313.7
2025-12-14,winter,13.9,1.3,12.4,65.0,0,1,0,1,59,215.28
2025-12-15,winter,11.7,4.6,16.5,82.5,20,0,0,1,71,257.51
2025-12-16,winter,0.6,1.7,3.5,74.6,0,0,0,1,33,160.08
2025-12-17,winter,-3.2,0.7,14.7,51.2,10,0,1,0,37,240.09
2025-12-18,winter,21.5,3.6,24.1,72.8,10,0,0,1,66,241.88
2025-12-19,winter,10.1,0.0,21.7,72.3,25,0,0,0,65,308.89
2025-12-20,winter,2.8,0.0,11.5,53.5,5,1,0,0,60,251.82
2025-12-21,winter,12.9,8.8,6.6,75.0,5,1,0,1,66,228.97
2025-12-22,winter,26.4,0.0,17.8,61.9,15,0,0,0,66,236.13
2025-12-23,winter,-10.0,4.3,1.1,45.7,15,0,0,1,50,217.7
2025-12-24,winter,-2.5,0.0,21.7,69.9,15,0,0,0,52,220.62
2025-12-25,winter,3.8,0.0,13.7,66.8,0,0,0,0,36,175.94
2025-12-26,winter,30.1,2.7,26.0,61.0,5,0,0,1,53,200.64
2025-12-27,winter,17.1,0.0,4.6,63.5,20,1,0,0,79,317.09
2025-12-28,winter,22.4,0.0,20.5,54.7,15,1,0,0,86,320.91
2025-12-29,winter,1.5,0.0,14.4,71.9,15,0,0,0,42,238.15
2025-12-30,winter,1.7,0.0,13.0,63.4,5,0,0,0,37,216.54
2025-12-31,winter,18.9,0.0,6.8,66.2,5,0,0,0,64,250.02
2026-01-01,winter,14.6,2.3,18.6,68.6,25,0,0,1,73,287.43
2026-01-02,winter,20.0,6.5,19.1,49.0,15,0,0,1,69,265.55
2026-01-03,winter,11.9,0.0,25.7,52.4,0,1,0,0,69,235.46
2026-01-04,winter,17.1,1.4,21.0,35.3,25,1,1,1,85,367.26
2026-01-05,winter,15.7,0.0,11.4,71.3,10,0,0,0,63,264.64
2026-01-06,winter,22.6,0.0,9.0,48.2,5,0,0,0,60,245.37
2026-01-07,winter,22.9,2.8,6.8,65.7,10,0,0,1,67,251.76
2026-01-08,winter,-3.8,0.0,23.8,68.8,15,0,0,0,47,213.96
2026-01-09,winter,-10.0,0.0,10.3,71.8,10,0,0,0,34,186.57
2026-01-10,winter,25.0,5.5,23.9,48.3,10,1,0,1,72,252.74
2026-01-11,winter,27.1,1.0,18.2,63.2,15,1,0,1,83,269.52
2026-01-12,winter,2.8,3.4,17.0,85.7,5,0,0,1,40,180.56
2026-01-13,winter,-6.5,0.0,13.2,86.3,25,0,0,0,49,260.46
2026-01-14,winter,15.1,0.0,19.0,76.8,5,0,0,0,61,243.38
2026-01-15,winter,24.2,8.0,14.9,68.4,10,0,0,1,60,226.69
2026-01-16,winter,33.8,0.0,12.8,50.9,15,0,0,0,53,250.5
2026-01-17,winter,19.7,2.3,19.2,73.3,15,1,0,1,81,283.69
2026-01-18,winter,9.9,0.0,14.1,61.9,10,1,0,0,69,273.35
2026-01-19,winter,4.2,0.9,10.2,71.3,15,0,0,0,60,224.03
2026-01-20,winter,14.1,0.0,18.6,55.8,20,0,0,0,72,282.57
2026-01-21,winter,10.7,0.0,14.6,61.8,20,0,0,0,60,262.65
2026-01-22,winter,2.8,0.0,17.9,66.1,20,0,0,0,60,264.38
2026-01-23,winter,35.0,2.6,12.3,67.2,5,0,0,1,47,197.38
2026-01-24,winter,33.6,0.0,7.7,70.4,10,1,0,0,75,252.62
2026-01-25,winter,26.5,0.0,25.4,56.5,10,1,0,0,72,271.38
2026-01-26,winter,3.9,0.0,24.3,46.5,0,0,0,0,44,200.68
2026-01-27,winter,23.4,0.0,20.3,85.1,15,0,0,0,68,260.34
2026-01-28,winter,21.0,0.0,12.7,96.4,5,0,0,0,65,230.18
2026-01-29,winter,18.9,5.7,13.2,69.8,5,0,0,1,53,241.93
2026-01-30,winter,27.7,0.0,23.3,46.8,5,0,0,0,61,232.27
2026-01-31,winter,21.0,3.5,12.9,53.9,5,1,0,1,76,267.64
2026-02-01,winter,22.1,0.0,11.2,70.6,5,1,0,0,84,272.63
2026-02-02,winter,21.0,4.2,26.2,81.4,15,0,0,1,67,262.46
2026-02-03,winter,17.7,6.2,14.7,48.2,10,0,0,1,58,243.26
2026-02-04,winter,-5.6,0.0,25.6,62.4,5,0,0,0,40,189.4
2026-02-05,winter,14.9,0.0,6.6,66.5,5,0,0,0,53,248.4
2026-02-06,winter,7.9,0.0,18.1,75.2,20,0,0,0,67,281.64
2026-02-07,winter,-0.1,0.0,27.4,59.5,0,1,0,0,58,183.49
2026-02-08,winter,32.5,5.7,15.2,43.7,10,1,0,1,72,268.14
2026-02-09,winter,33.0,5.0,13.4,72.1,10,0,0,1,53,217.31
2026-02-10,winter,29.0,2.8,8.0,78.6,10,0,0,1,52,222.76
2026-02-11,winter,16.8,0.0,21.5,62.9,20,0,0,0,71,289.54
2026-02-12,winter,28.9,0.0,10.4,69.3,15,0,0,0,65,276.25
2026-02-13,winter,14.1,0.0,14.4,57.8,25,0,0,0,68,314.23
2026-02-14,winter,16.2,0.0,7.6,53.0,20,1,1,0,91,348.17
2026-02-15,winter,2.0,7.0,24.3,77.3,5,1,0,1,56,214.85
2026-02-16,winter,18.4,0.0,21.9,69.0,5,0,0,0,56,238.5
2026-02-17,winter,14.7,0.0,14.8,70.4,5,0,0,0,69,223.25
2026-02-18,winter,-0.3,0.0,8.1,83.5,10,0,0,0,45,204.11
2026-02-19,winter,13.4,2.9,24.2,50.3,10,0,0,1,49,238.23
2026-02-20,winter,13.1,2.0,12.8,56.8,5,0,0,1,47,215.12
2026-02-21,winter,33.8,5.4,8.4,66.1,5,1,0,1,69,211.38
2026-02-22,winter,23.8,2.6,4.4,56.7,10,1,0,1,85,284.34
2026-02-23,winter,14.1,0.0,11.1,74.2,15,0,0,0,70,261.53
2026-02-24,winter,16.7,6.6,6.3,61.6,15,0,0,1,71,283.13
2026-02-25,winter,14.5,0.0,11.3,51.1,25,0,0,0,79,294.35
2026-02-26,winter,11.8,0.0,19.5,64.9,5,0,0,0,58,220.59
2026-02-27,winter,2.1,0.0,12.7,66.2,10,0,0,0,49,212.2
2026-02-28,winter,12.3,0.8,17.1,76.2,25,1,0,0,81,296.76
2026-03-01,spring,5.8,2.3,10.7,69.1,15,1,0,1,68,242.73
2026-03-02,spring,0.2,2.0,15.4,70.0,10,0,0,1,37,211.65
2026-03-03,spring,19.6,0.0,26.5,68.2,10,0,1,0,71,279.14
2026-03-04,spring,18.3,5.8,12.9,61.6,0,0,0,1,63,188.97
2026-03-05,spring,-5.7,0.0,17.3,54.7,20,0,0,0,45,209.0
2026-03-06,spring,12.7,4.1,5.6,67.8,15,0,1,1,56,252.44
2026-03-07,spring,25.0,1.2,24.1,59.7,10,1,0,1,75,247.51
2026-03-08,spring,25.7,2.9,12.1,86.0,10,1,0,1,68,243.07
2026-03-09,spring,25.3,0.0,21.3,81.4,10,0,0,0,55,236.65
2026-03-10,spring,14.4,0.0,14.3,72.2,5,0,0,0,64,192.08
2026-03-11,spring,4.7,0.0,18.7,68.9,15,0,0,0,51,232.09
2026-03-12,spring,2.1,0.0,19.0,62.9,10,0,0,0,48,221.44
2026-03-13,spring,17.8,0.0,12.3,47.6,0,0,0,0,54,234.0
2026-03-14,spring,18.2,0.0,21.6,61.2,10,1,0,0,86,248.47
2026-03-15,spring,28.2,3.4,10.4,65.3,25,1,0,1,85,297.17
2026-03-16,spring,26.1,0.0,19.7,67.0,10,0,0,0,61,230.89
2026-03-17,spring,12.5,0.0,12.7,70.1,10,0,0,0,52,236.6
2026-03-18,spring,0.3,1.2,17.1,76.0,15,0,0,1,43,193.02
2026-03-19,spring,10.5,0.0,12.2,55.0,20,0,0,0,67,291.58
2026-03-20,spring,16.4,0.0,15.3,55.1,15,0,0,0,68,265.98
2026-03-21,spring,11.8,0.0,8.6,82.9,20,1,0,0,79,292.16
2026-03-22,spring,7.6,3.9,16.5,74.0,0,1,0,1,57,212.0
2026-03-23,spring,16.8,0.0,15.3,58.9,25,0,0,0,78,303.38
2026-03-24,spring,8.5,0.0,11.8,62.6,20,0,0,0,61,269.81
2026-03-25,spring,7.1,1.4,14.7,62.7,10,0,0,1,51,199.69
2026-03-26,spring,17.4,5.2,15.8,64.4,15,0,0,1,57,235.27
2026-03-27,spring,9.6,20.2,11.3,70.1,5,0,0,1,59,173.88
2026-03-28,spring,16.7,0.9,14.2,97.0,10,1,0,0,71,274.58
2026-03-29,spring,17.0,0.0,9.0,66.5,5,1,0,0,75,260.25
2026-03-30,spring,1.5,0.0,29.1,72.6,0,0,0,0,43,167.26
2026-03-31,spring,8.7,1.7,21.4,42.1,25,0,0,1,58,260.05
2026-04-01,spring,29.8,0.4,16.6,57.7,5,0,0,0,51,213.26
2026-04-02,spring,1.2,0.0,22.0,80.0,10,0,0,0,47,185.92
2026-04-03,spring,-9.3,2.0,3.1,69.2,5,0,0,1,22,134.19
2026-04-04,spring,-6.5,0.0,0.0,20.0,10,1,0,0,54,221.94
2026-04-05,spring,14.3,6.2,12.6,72.8,10,1,0,1,60,272.0
2026-04-06,spring,14.3,7.3,6.7,88.9,5,0,0,1,64,226.87
2026-04-07,spring,12.7,0.0,13.6,38.1,15,0,0,0,67,255.56
2026-04-08,spring,27.4,3.6,16.2,83.8,25,0,0,1,71,270.55
2026-04-09,spring,-10.0,0.0,20.5,28.0,10,0,0,0,24,167.58
2026-04-10,spring,18.4,4.5,8.2,76.2,25,0,0,1,67,292.97
2026-04-11,spring,31.2,0.0,17.4,63.9,15,1,0,0,82,275.38
2026-04-12,spring,1.6,0.0,15.1,33.5,15,1,1,0,89,298.26
2026-04-13,spring,9.8,0.0,17.1,69.8,5,0,0,0,59,218.77
2026-04-14,spring,5.7,5.9,11.9,79.0,0,0,0,1,46,162.42
2026-04-15,spring,4.2,0.0,23.3,68.7,20,0,0,0,60,255.99
2026-04-16,spring,10.4,0.0,14.4,71.6,10,0,0,0,51,220.39
2026-04-17,spring,29.7,3.3,25.6,58.6,10,0,0,1,60,224.68
2026-04-18,spring,34.2,3.3,10.3,39.8,20,1,1,1,63,302.86
2026-04-19,spring,10.3,0.0,19.5,73.0,5,1,0,0,59,236.98
2026-04-20,spring,35.0,11.3,14.6,86.7,20,0,0,1,48,245.84
2026-04-21,spring,14.4,0.0,13.0,78.7,5,0,0,0,63,219.09
2026-04-22,spring,33.3,0.0,18.8,38.2,25,0,0,0,65,297.06
2026-04-23,spring,13.0,11.0,13.2,44.3,5,0,0,1,52,189.52
2026-04-24,spring,15.4,0.0,0.0,53.0,0,0,0,0,55,199.22
2026-04-25,spring,18.0,0.0,0.0,43.3,15,1,0,0,75,298.08
2026-04-26,spring,35.0,1.8,22.6,64.6,5,1,0,1,54,192.95
2026-04-27,spring,23.4,0.0,22.4,69.1,25,0,0,0,72,298.4
2026-04-28,spring,6.2,4.0,26.3,45.4,15,0,0,1,43,220.83
2026-04-29,spring,24.7,2.5,14.9,74.1,5,0,0,1,53,227.42
2026-04-30,spring,10.0,0.0,7.2,71.8,5,0,0,0,46,213.02
2026-05-01,spring,8.6,6.9,12.5,56.9,25,0,0,1,64,283.74
2026-05-02,spring,24.0,0.0,15.1,61.8,15,1,0,0,85,295.57
2026-05-03,spring,14.3,1.6,9.0,38.7,20,1,0,1,69,288.95
2026-05-04,spring,17.1,0.0,24.9,59.7,0,0,0,0,55,207.32
2026-05-05,spring,14.2,2.5,28.4,64.1,25,0,0,1,78,286.27
2026-05-06,spring,17.7,0.0,17.9,66.2,10,0,0,0,58,260.59
2026-05-07,spring,18.7,0.0,14.9,68.9,15,0,0,0,71,266.44
2026-05-08,spring,-7.3,0.0,7.2,67.2,10,0,0,0,38,169.98
2026-05-09,spring,21.3,0.0,24.3,60.6,0,1,0,0,80,217.77
2026-05-10,spring,3.2,0.0,15.5,67.7,25,1,1,0,74,319.05
2026-05-11,spring,-1.9,0.0,13.3,77.0,25,0,0,0,51,227.48
2026-05-12,spring,13.4,0.0,17.9,62.8,10,0,0,0,60,258.13
2026-05-13,spring,14.9,0.0,11.5,68.1,25,0,0,0,72,305.57
2026-05-14,spring,6.4,0.0,15.9,61.6,5,0,0,0,48,194.16
2026-05-15,spring,23.1,0.0,6.3,55.6,0,0,0,0,51,204.09
2026-05-16,spring,-0.8,3.3,21.5,70.8,0,1,0,1,54,184.0
2026-05-17,spring,9.5,0.0,14.4,56.8,10,1,0,0,75,240.57
2026-05-18,spring,7.6,0.0,22.0,69.0,0,0,0,0,40,169.67
2026-05-19,spring,13.5,6.8,13.8,64.4,10,0,1,1,54,244.79
2026-05-20,spring,17.1,3.1,14.2,60.0,0,0,0,1,51,196.76
2026-05-21,spring,2.9,0.0,7.7,59.7,15,0,0,0,45,242.2
2026-05-22,spring,22.0,0.0,19.6,57.4,20,0,0,0,63,305.52
2026-05-23,spring,14.7,1.9,9.7,42.6,15,1,0,1,70,288.62
2026-05-24,spring,-6.8,3.0,12.1,69.0,5,1,0,1,41,179.86
2026-05-25,spring,-7.5,2.7,15.0,67.0,15,0,0,1,28,203.75
2026-05-26,spring,13.9,0.0,15.7,75.0,5,0,0,0,58,208.81
2026-05-27,spring,11.6,0.0,4.8,57.1,15,0,0,0,68,235.29
2026-05-28,spring,12.9,0.0,13.6,88.6,10,0,1,0,64,253.15
2026-05-29,spring,13.7,0.0,19.8,59.1,10,0,0,0,59,227.87
2026-05-30,spring,16.5,0.0,12.7,52.6,0,1,0,0,58,226.54
2026-05-31,spring,24.4,14.7,13.7,51.1,20,1,0,1,80,273.25
2026-06-01,summer,1.8,0.0,16.0,41.5,25,0,0,0,59,283.62
2026-06-02,summer,1.1,14.3,14.2,83.9,15,0,1,1,44,250.25
2026-06-03,summer,2.0,2.4,8.8,81.8,25,0,0,1,65,289.83
2026-06-04,summer,17.2,0.0,14.8,71.8,25,0,0,0,69,299.15
2026-06-05,summer,27.7,0.0,21.0,52.4,5,0,0,0,40,223.63
2026-06-06,summer,9.3,2.1,8.7,87.5,15,1,0,1,61,262.01
2026-06-07,summer,-10.0,0.0,12.8,59.4,5,1,0,0,47,215.25
2026-06-08,summer,-4.7,0.0,6.7,60.5,10,0,0,0,40,213.1
2026-06-09,summer,4.8,2.4,20.6,82.7,0,0,0,1,32,168.1
2026-06-10,summer,7.9,3.6,14.4,72.6,25,0,0,1,51,292.06
2026-06-11,summer,9.5,1.9,9.9,92.6,15,0,0,1,53,258.06
2026-06-12,summer,14.4,0.0,15.6,67.2,5,0,0,0,50,237.76
2026-06-13,summer,10.6,0.0,7.8,58.8,10,1,1,0,73,296.51
2026-06-14,summer,25.5,0.0,8.8,56.0,10,1,0,0,74,293.93
2026-06-15,summer,6.6,3.3,6.2,40.0,15,0,0,1,48,249.57
2026-06-16,summer,4.5,0.0,8.6,60.4,25,0,0,0,56,291.25
2026-06-17,summer,19.3,0.0,23.1,78.9,5,0,0,0,64,238.24
2026-06-18,summer,-2.9,0.0,10.6,71.8,10,0,1,0,42,257.26
2026-06-19,summer,18.3,4.3,17.8,64.3,10,0,0,1,62,255.12
2026-06-20,summer,15.1,0.0,10.0,51.1,10,1,1,0,76,330.61
2026-06-21,summer,12.4,0.0,19.6,66.9,10,1,0,0,71,290.77
2026-06-22,summer,31.5,3.0,8.8,77.2,0,0,0,1,39,201.31
2026-06-23,summer,7.2,2.9,15.2,69.6,5,0,0,1,41,200.05
2026-06-24,summer,35.0,2.1,15.3,66.2,10,0,0,1,46,237.97
2026-06-25,summer,11.5,2.3,29.0,53.6,20,0,0,1,73,277.9
2026-06-26,summer,-0.0,0.0,18.8,75.3,5,0,1,0,34,261.59
2026-06-27,summer,14.8,8.7,11.4,23.3,5,1,0,1,64,263.64
2026-06-28,summer,2.2,1.3,19.1,69.0,15,1,0,1,61,263.3
2026-06-29,summer,5.7,0.0,27.8,97.4,25,0,1,0,60,315.67
2026-06-30,summer,18.4,1.0,5.2,44.4,10,0,0,1,67,259.9
2026-07-01,summer,20.1,2.1,9.9,60.9,0,0,0,1,54,218.89
2026-07-02,summer,7.2,0.0,13.6,63.9,15,0,0,0,55,263.5
2026-07-03,summer,24.9,3.8,12.5,58.0,10,0,0,1,64,258.86
2026-07-04,summer,26.7,3.7,13.0,77.5,15,1,0,1,85,300.5
2026-07-05,summer,29.8,3.2,7.2,70.1,5,1,0,1,72,248.65
2026-07-06,summer,19.8,4.5,23.4,66.0,0,0,1,1,55,239.91
2026-07-07,summer,29.0,0.0,6.5,74.4,5,0,0,0,55,232.26
2026-07-08,summer,-6.7,3.8,13.8,64.2,15,0,0,1,38,196.71
2026-07-09,summer,10.5,5.7,21.3,100.0,10,0,0,1,53,244.3
2026-07-10,summer,4.5,0.0,14.8,66.0,5,0,0,0,41,208.12
2026-07-11,summer,15.3,0.0,9.1,66.5,10,1,0,0,81,297.13
2026-07-12,summer,7.7,6.9,6.9,41.8,15,1,0,1,67,281.83
2026-07-13,summer,12.2,1.1,13.6,56.9,0,0,0,1,47,206.17
2026-07-14,summer,34.7,0.0,10.5,78.9,15,0,0,0,49,256.68
2026-07-15,summer,12.1,0.0,16.2,46.6,15,0,0,0,62,265.32
2026-07-16,summer,18.6,0.0,6.6,36.0,10,0,0,0,54,265.29
2026-07-17,summer,11.4,6.6,19.9,64.4,25,0,0,1,60,312.68
2026-07-18,summer,14.8,1.8,15.7,81.8,20,1,0,1,74,304.07
2026-07-19,summer,14.1,1.6,16.1,64.6,5,1,0,1,68,261.01
2026-07-20,summer,18.9,0.0,23.6,59.6,0,0,0,0,70,245.26
2026-07-21,summer,26.8,0.0,12.4,39.8,5,0,0,0,62,242.01
2026-07-22,summer,32.1,2.0,10.6,69.9,5,0,0,1,57,219.29
2026-07-23,summer,17.4,0.0,11.7,72.6,10,0,1,0,68,294.84
2026-07-24,summer,20.5,3.3,13.8,40.8,20,0,0,1,77,288.05
2026-07-25,summer,1.3,0.0,14.5,78.7,20,1,0,0,78,283.21
2026-07-26,summer,13.0,0.0,10.0,74.0,5,1,0,0,65,266.15
2026-07-27,summer,24.3,0.0,2.9,78.7,10,0,0,0,60,260.67
2026-07-28,summer,23.5,5.8,11.6,71.6,0,0,0,1,58,211.22
2026-07-29,summer,16.3,0.0,17.2,72.5,10,0,0,0,63,257.75
2026-07-30,summer,23.8,2.8,15.8,70.8,0,0,0,1,55,238.63
2026-07-31,summer,19.4,0.0,22.2,75.3,25,0,0,0,75,299.81
2026-08-01,summer,27.2,3.7,26.7,40.4,20,1,0,1,74,313.9
2026-08-02,summer,17.2,0.0,19.6,44.5,5,1,0,0,83,269.17
2026-08-03,summer,10.1,4.9,23.3,54.4,15,0,0,1,49,243.99
2026-08-04,summer,17.7,4.5,19.6,62.3,10,0,0,1,64,247.16
2026-08-05,summer,-10.0,4.3,25.3,69.0,20,0,0,1,40,226.58
2026-08-06,summer,18.2,1.8,26.1,68.2,10,0,0,1,51,256.86
2026-08-07,summer,-10.0,1.8,20.7,78.5,5,0,0,1,22,163.31
2026-08-08,summer,-5.0,0.0,19.2,78.9,15,1,0,0,53,262.72
2026-08-09,summer,19.0,7.0,13.8,52.7,0,1,1,1,71,288.95
2026-08-10,summer,19.3,11.8,14.8,67.1,10,0,0,1,60,264.68
2026-08-11,summer,1.2,19.9,13.0,53.0,5,0,0,1,34,175.76
2026-08-12,summer,6.2,4.0,18.7,61.6,15,0,0,1,42,248.24
2026-08-13,summer,29.1,0.0,10.7,68.2,20,0,0,0,80,298.87
2026-08-14,summer,8.7,0.0,13.9,20.0,0,0,0,0,48,206.39
2026-08-15,summer,35.0,3.9,0.9,95.3,10,1,0,1,65,229.29
2026-08-16,summer,14.0,0.0,25.3,71.4,15,1,0,0,74,270.31
2026-08-17,summer,18.5,0.0,13.7,56.3,5,0,1,0,58,281.65
2026-08-18,summer,31.8,0.0,17.7,89.1,10,0,1,0,68,274.89
2026-08-19,summer,15.4,2.6,23.7,59.5,15,0,0,1,50,249.08
2026-08-20,summer,3.0,1.7,16.8,65.7,5,0,0,1,42,208.95
2026-08-21,summer,12.8,0.0,23.7,57.7,20,0,0,0,59,292.16
2026-08-22,summer,13.6,0.0,7.5,85.5,10,1,0,0,71,294.01
2026-08-23,summer,-1.0,0.0,29.4,62.6,15,1,0,0,57,263.55
2026-08-24,summer,11.2,0.0,21.5,65.9,0,0,0,0,44,196.61
2026-08-25,summer,5.8,1.0,16.3,79.6,0,0,0,0,41,186.89
2026-08-26,summer,24.2,0.0,23.6,71.6,0,0,0,0,42,231.44
2026-08-27,summer,14.4,0.0,8.0,63.3,20,0,0,0,66,291.82
2026-08-28,summer,10.9,0.4,13.3,78.4,20,0,0,0,59,253.53
2026-08-29,summer,12.8,0.0,23.7,97.0,20,1,0,0,71,306.98
2026-08-30,summer,16.5,4.3,3.8,68.1,5,1,0,1,78,244.76
2026-08-31,summer,20.8,0.0,18.4,65.5,10,0,0,0,64,285.09
2026-09-01,autumn,3.0,0.0,18.2,66.2,20,0,0,0,54,247.99
2026-09-02,autumn,2.5,0.0,26.8,81.0,15,0,0,0,48,247.18
2026-09-03,autumn,26.2,0.0,5.5,56.2,0,0,0,0,55,188.85
2026-09-04,autumn,9.5,0.0,24.7,60.4,20,0,0,0,70,269.02
2026-09-05,autumn,-1.6,1.5,11.6,44.0,5,1,0,1,64,219.19
2026-09-06,autumn,18.9,1.0,12.3,48.6,5,1,0,0,76,239.23
2026-09-07,autumn,19.1,6.9,7.7,57.3,20,0,0,1,75,281.24
2026-09-08,autumn,-2.8,2.7,8.5,63.3,10,0,0,1,48,186.07
2026-09-09,autumn,16.5,2.2,17.4,87.0,10,0,0,1,60,220.82
2026-09-10,autumn,22.1,0.0,8.3,71.0,10,0,0,0,76,260.79
2026-09-11,autumn,18.1,7.2,19.4,52.1,25,0,0,1,76,281.26
2026-09-12,autumn,21.0,2.4,11.0,54.5,0,1,0,1,71,233.7
2026-09-13,autumn,-1.4,0.0,7.7,81.9,15,1,0,0,62,253.6
2026-09-14,autumn,17.6,2.0,11.8,78.6,5,0,0,1,46,213.91
2026-09-15,autumn,10.7,0.0,17.0,64.4,0,0,0,0,51,184.09
2026-09-16,autumn,8.7,0.0,13.3,58.2,10,0,0,0,45,244.33
2026-09-17,autumn,23.6,0.0,15.2,78.6,10,0,0,0,55,258.96
2026-09-18,autumn,30.3,7.6,19.2,51.1,5,0,0,1,51,193.3
2026-09-19,autumn,33.7,6.7,21.5,69.1,10,1,0,1,56,220.18
2026-09-20,autumn,28.5,0.0,13.1,93.5,15,1,0,0,76,267.49
2026-09-21,autumn,12.8,0.0,8.7,66.7,10,0,0,0,60,248.12
2026-09-22,autumn,17.9,1.9,15.5,53.9,15,0,0,1,65,262.55
2026-09-23,autumn,22.4,0.0,17.8,69.3,20,0,0,0,68,301.54
2026-09-24,autumn,15.3,0.0,6.2,57.9,10,0,0,0,67,246.57
2026-09-25,autumn,15.4,0.7,9.7,45.9,10,0,0,0,57,227.08
2026-09-26,autumn,23.1,0.0,10.7,73.1,10,1,0,0,82,289.25
2026-09-27,autumn,13.3,6.1,13.8,78.5,10,1,0,1,61,241.9
2026-09-28,autumn,6.0,4.9,10.4,60.0,0,0,0,1,39,176.34
2026-09-29,autumn,9.4,0.0,19.2,59.1,5,0,0,0,58,193.92
2026-09-30,autumn,21.0,1.0,5.4,51.5,5,0,0,1,66,225.89
2026-10-01,autumn,14.0,0.0,5.5,62.1,10,0,0,0,56,258.81
2026-10-02,autumn,17.7,4.0,13.0,56.7,25,0,0,1,67,288.57
2026-10-03,autumn,21.4,4.2,13.9,50.9,10,1,0,1,71,281.81
2026-10-04,autumn,9.9,0.0,6.3,88.6,10,1,0,0,65,226.65
2026-10-05,autumn,22.3,3.7,11.4,70.1,10,0,0,1,54,235.73
2026-10-06,autumn,18.2,3.1,12.6,71.4,15,0,0,1,63,255.02
2026-10-07,autumn,0.4,0.0,12.6,75.5,10,0,0,0,49,229.48
2026-10-08,autumn,29.9,0.0,15.9,74.0,10,0,0,0,54,221.84
2026-10-09,autumn,8.5,0.0,11.0,58.6,15,0,0,0,57,259.27
2026-10-10,autumn,-4.2,2.4,23.9,67.5,0,1,0,1,41,179.98
2026-10-11,autumn,2.5,1.1,17.9,60.5,10,1,0,1,63,216.37
2026-10-12,autumn,2.8,0.0,10.2,69.7,10,0,0,0,45,211.87
2026-10-13,autumn,14.6,4.4,15.6,68.4,15,0,0,1,57,249.77
2026-10-14,autumn,11.0,3.1,15.7,59.0,25,0,0,1,58,261.7
2026-10-15,autumn,10.3,0.0,22.3,46.7,20,0,0,0,57,267.77
2026-10-16,autumn,20.8,2.4,11.4,65.9,10,0,0,1,67,261.39
2026-10-17,autumn,17.7,2.3,19.6,61.3,5,1,0,1,69,248.09
2026-10-18,autumn,17.5,1.1,15.3,39.4,10,1,0,1,73,264.65
2026-10-19,autumn,18.5,0.0,23.9,70.6,20,0,0,0,80,288.46
2026-10-20,autumn,20.8,0.0,22.7,76.5,25,0,0,0,86,317.64
2026-10-21,autumn,-9.2,0.0,16.2,96.9,20,0,1,0,32,256.84
2026-10-22,autumn,10.0,8.1,13.4,58.9,5,0,0,1,52,195.24
2026-10-23,autumn,-10.0,6.7,18.0,57.0,15,0,0,1,35,209.21
2026-10-24,autumn,14.4,0.0,13.9,49.6,20,1,1,0,78,355.17
2026-10-25,autumn,13.9,1.2,25.1,66.7,15,1,0,1,75,275.75
2026-10-26,autumn,25.5,0.0,15.5,66.6,15,0,1,0,56,287.01
2026-10-27,autumn,27.1,0.0,12.6,53.5,10,0,0,0,70,236.05
2026-10-28,autumn,16.2,0.0,12.2,61.7,15,0,0,0,69,264.77
2026-10-29,autumn,8.5,3.1,7.7,38.3,5,0,0,1,42,205.6
2026-10-30,autumn,19.3,0.0,18.3,76.0,0,0,0,0,56,192.64
2026-10-31,autumn,8.2,6.6,10.1,54.0,20,1,0,1,60,286.8
2026-11-01,autumn,14.0,0.0,21.6,63.5,25,1,0,0,82,337.08
2026-11-02,autumn,24.8,0.0,7.2,45.5,20,0,0,0,68,302.15
2026-11-03,autumn,7.9,0.0,15.8,56.4,5,0,0,0,42,202.43
2026-11-04,autumn,22.9,0.0,21.9,60.4,0,0,0,0,64,206.05
2026-11-05,autumn,21.5,0.0,2.1,63.9,5,0,0,0,72,247.74
2026-11-06,autumn,3.5,0.0,27.1,70.2,20,0,0,0,56,248.21
2026-11-07,autumn,24.7,1.8,12.4,82.7,15,1,1,1,75,311.85
2026-11-08,autumn,21.7,0.0,15.8,73.5,25,1,0,0,93,343.86
2026-11-09,autumn,15.1,0.0,18.4,76.5,5,0,0,0,58,235.71
2026-11-10,autumn,5.6,5.8,19.4,82.8,10,0,0,1,41,189.5
2026-11-11,autumn,4.5,0.0,16.6,71.4,20,0,0,0,53,258.64
2026-11-12,autumn,8.1,0.0,21.0,63.5,5,0,0,0,49,203.32
2026-11-13,autumn,20.0,2.6,18.1,77.1,25,0,1,1,75,325.03
2026-11-14,autumn,3.5,3.1,25.6,77.9,10,1,0,1,58,231.25
2026-11-15,autumn,18.8,0.0,18.1,72.4,0,1,0,0,73,249.15
2026-11-16,autumn,0.3,2.5,26.8,45.1,0,0,1,1,25,204.9
2026-11-17,autumn,11.8,4.7,20.4,53.1,20,0,0,1,65,267.1
2026-11-18,autumn,15.2,0.0,4.2,60.4,15,0,0,0,65,268.02
2026-11-19,autumn,35.0,5.7,30.7,74.1,15,0,0,1,67,220.32
2026-11-20,autumn,-1.2,5.8,11.6,63.7,20,0,0,1,44,210.96
2026-11-21,autumn,30.2,0.0,24.0,78.8,10,1,0,0,73,271.29
2026-11-22,autumn,15.6,3.7,15.2,81.1,20,1,0,1,95,287.15
2026-11-23,autumn,18.5,0.0,21.4,79.6,25,0,0,0,77,311.14
2026-11-24,autumn,15.3,0.0,10.9,79.7,5,0,0,0,58,233.14
2026-11-25,autumn,18.9,0.0,18.8,50.5,15,0,0,0,63,260.32
2026-11-26,autumn,12.3,0.0,13.5,70.3,5,0,0,0,64,207.88
2026-11-27,autumn,30.0,0.0,24.5,56.1,5,0,0,0,48,236.07
2026-11-28,autumn,9.0,1.2,17.6,42.6,10,1,0,1,66,248.1
2026-11-29,autumn,26.5,0.0,20.6,60.3,20,1,0,0,79,300.47
2026-11-30,autumn,6.9,3.8,2.0,81.2,0,0,0,1,40,173.1
2026-12-01,winter,13.3,0.0,14.5,70.0,10,0,0,0,51,259.18
2026-12-02,winter,2.2,0.0,17.5,90.2,15,0,0,0,59,244.15
2026-12-03,winter,19.0,4.1,16.3,66.3,0,0,0,1,53,190.31
2026-12-04,winter,29.9,2.6,20.8,95.8,20,0,0,1,54,278.91
2026-12-05,winter,13.1,0.0,12.8,66.3,25,1,0,0,91,339.68
2026-12-06,winter,11.8,3.2,15.3,64.3,0,1,0,1,57,213.68
2026-12-07,winter,1.7,5.2,22.1,47.4,0,0,0,1,38,154.32
2026-12-08,winter,11.5,1.3,1.3,78.4,25,0,0,1,69,300.07
2026-12-09,winter,-3.5,0.0,18.5,57.5,5,0,0,0,41,193.74
2026-12-10,winter,4.0,0.0,13.0,55.6,0,0,0,0,29,171.83
2026-12-11,winter,16.5,0.0,9.5,80.7,25,0,0,0,78,307.32
2026-12-12,winter,28.5,0.0,17.0,79.1,20,1,0,0,79,343.14
2026-12-13,winter,35.0,0.6,22.4,78.7,15,1,1,0,63,285.45
2026-12-14,winter,7.5,1.1,21.2,59.3,10,0,0,1,49,209.33
2026-12-15,winter,29.8,0.0,14.2,63.3,20,0,0,0,56,270.91
2026-12-16,winter,16.7,0.0,20.3,63.2,15,0,0,0,68,293.9
2026-12-17,winter,12.3,0.0,20.2,74.2,15,0,0,0,54,269.99
2026-12-18,winter,18.8,4.4,14.5,84.2,20,0,0,1,67,296.92
2026-12-19,winter,14.7,0.0,10.8,68.8,15,1,0,0,79,296.89
2026-12-20,winter,15.2,0.0,11.2,89.7,10,1,0,0,81,286.52
2026-12-21,winter,9.5,0.0,20.0,75.7,10,0,1,0,51,253.58
2026-12-22,winter,-1.4,0.0,14.7,60.9,10,0,1,0,52,244.67
2026-12-23,winter,-3.0,0.0,8.7,74.8,10,0,0,0,48,211.39
2026-12-24,winter,21.2,0.0,4.9,86.2,10,0,0,0,65,280.47
2026-12-25,winter,11.0,0.0,20.0,90.0,10,0,0,0,50,237.93
2026-12-26,winter,7.4,0.0,11.7,79.4,20,1,1,0,65,315.38
2026-12-27,winter,14.1,1.1,17.0,64.3,10,1,0,1,71,259.1
2026-12-28,winter,22.7,3.5,22.4,61.2,0,0,0,1,50,187.38
2026-12-29,winter,16.0,0.0,7.1,71.5,5,0,0,0,66,207.88
2026-12-30,winter,6.8,0.0,14.7,85.8,5,0,0,0,45,217.83
2026-12-31,winter,27.5,0.0,14.0,69.6,20,0,0,0,62,282.72
2027-01-01,winter,31.4,0.0,17.3,69.9,10,0,0,0,58,235.55
2027-01-02,winter,19.4,11.3,22.4,64.7,5,1,0,1,68,260.15
2027-01-03,winter,24.7,0.0,7.0,59.7,20,1,0,0,84,339.26
2027-01-04,winter,27.7,0.0,18.4,61.9,0,0,0,0,60,217.36
2027-01-05,winter,26.4,1.8,21.2,65.8,5,0,0,1,55,240.22
2027-01-06,winter,20.8,2.5,13.9,86.3,20,0,1,1,71,320.59
2027-01-07,winter,20.6,11.9,14.2,60.9,10,0,0,1,64,255.27
2027-01-08,winter,19.7,3.4,17.5,64.7,15,0,0,1,56,269.44
2027-01-09,winter,1.9,0.0,17.1,52.8,20,1,0,0,70,268.23
2027-01-10,winter,21.7,0.0,18.5,73.3,25,1,0,0,92,353.17
2027-01-11,winter,-0.9,0.0,18.4,81.8,0,0,0,0,43,140.64
2027-01-12,winter,5.3,0.6,9.1,85.1,20,0,0,0,57,242.27
2027-01-13,winter,28.3,0.0,20.9,66.6,15,0,0,0,62,264.67
2027-01-14,winter,23.2,0.0,22.0,71.5,5,0,0,0,68,227.72
2027-01-15,winter,30.4,3.9,16.1,62.0,25,0,0,1,62,280.83
2027-01-16,winter,11.0,0.0,6.0,70.9,10,1,0,0,72,289.4
2027-01-17,winter,1.3,3.5,14.3,68.1,20,1,0,1,61,279.04
2027-01-18,winter,11.4,0.8,16.2,64.8,15,0,0,0,60,238.72
2027-01-19,winter,15.1,4.7,8.1,65.8,10,0,0,1,55,233.94
2027-01-20,winter,14.9,8.4,12.8,69.9,0,0,0,1,60,183.1
2027-01-21,winter,26.5,0.0,6.5,60.2,20,0,0,0,81,302.8
2027-01-22,winter,10.0,0.0,18.6,60.8,10,0,0,0,61,235.75
2027-01-23,winter,17.9,7.1,16.0,86.2,0,1,0,1,76,201.33
2027-01-24,winter,3.1,0.0,5.1,99.2,0,1,0,0,46,205.68
2027-01-25,winter,19.0,0.2,17.1,48.3,15,0,0,0,56,273.73
2027-01-26,winter,14.0,7.3,14.7,47.6,5,0,1,1,51,261.23
2027-01-27,winter,5.8,2.1,18.1,51.6,10,0,0,1,47,215.85
2027-01-28,winter,11.4,0.0,12.7,62.7,15,0,0,0,60,258.29
2027-01-29,winter,12.0,6.2,10.2,75.6,5,0,0,1,41,233.96
2027-01-30,winter,11.0,0.0,10.4,71.7,10,1,0,0,77,265.74
2027-01-31,winter,33.5,3.5,11.8,66.2,5,1,0,1,73,235.98
2027-02-01,winter,12.9,0.0,15.1,70.9,25,0,0,0,77,295.24
2027-02-02,winter,11.3,0.0,15.9,55.0,20,0,0,0,71,290.38
2027-02-03,winter,-9.1,8.8,13.9,60.8,5,0,0,1,29,144.13
2027-02-04,winter,4.2,6.7,12.5,63.7,10,0,0,1,40,206.66
2027-02-05,winter,11.1,0.0,12.9,43.4,10,0,0,0,58,232.69
2027-02-06,winter,6.5,0.0,30.0,48.9,25,1,0,0,89,302.56
2027-02-07,winter,29.2,0.0,10.4,49.4,10,1,0,0,70,289.82
2027-02-08,winter,12.2,3.7,11.7,73.9,10,0,0,1,51,222.15
2027-02-09,winter,28.2,2.8,34.8,67.2,25,0,0,1,73,292.46
2027-02-10,winter,14.7,0.0,17.5,71.9,5,0,0,0,65,247.07
2027-02-11,winter,14.4,0.0,6.7,40.1,10,0,0,0,56,257.68
2027-02-12,winter,13.0,1.8,20.1,44.7,0,0,0,1,47,208.92
2027-02-13,winter,14.0,0.0,9.5,72.6,15,1,0,0,74,298.36
2027-02-14,winter,32.9,0.0,20.5,27.9,10,1,1,0,69,298.53
2027-02-15,winter,-10.0,3.3,13.7,79.9,25,0,0,1,47,240.21
2027-02-16,winter,-8.0,1.7,12.4,40.3,10,0,0,1,28,210.25
2027-02-17,winter,8.0,2.5,24.7,75.0,0,0,0,1,49,169.09
2027-02-18,winter,14.2,0.0,18.4,52.4,20,0,0,0,68,277.1
2027-02-19,winter,21.6,0.0,20.8,77.6,20,0,0,0,88,284.99
2027-02-20,winter,19.2,0.0,17.6,100.0,15,1,0,0,85,307.46
2027-02-21,winter,9.8,9.4,12.3,34.4,15,1,0,1,68,288.71
2027-02-22,winter,25.2,0.0,18.7,73.0,5,0,1,0,63,256.85
2027-02-23,winter,25.3,0.0,22.3,40.5,15,0,0,0,65,251.27
2027-02-24,winter,16.0,0.0,15.8,69.5,0,0,0,0,45,206.13
2027-02-25,winter,24.6,0.0,25.8,61.3,5,0,1,0,59,271.44
2027-02-26,winter,17.0,3.7,20.1,65.7,25,0,0,1,68,296.11
2027-02-27,winter,7.8,0.0,16.3,52.1,15,1,0,0,61,281.37
2027-02-28,winter,21.7,2.6,16.5,74.1,5,1,0,1,72,246.01
2027-03-01,spring,15.2,9.7,15.8,45.2,0,0,0,1,38,205.81
2027-03-02,spring,14.0,1.6,7.5,80.1,25,0,0,1,65,285.1
2027-03-03,spring,30.2,0.0,14.5,58.7,0,0,0,0,52,203.98
2027-03-04,spring,-10.0,0.0,16.3,45.8,5,0,0,0,32,167.73
2027-03-05,spring,-1.6,6.4,12.5,84.7,5,0,0,1,33,171.05
2027-03-06,spring,0.9,0.0,17.0,63.1,0,1,0,0,52,198.52
2027-03-07,spring,10.0,0.0,15.1,88.8,5,1,0,0,61,217.64
2027-03-08,spring,11.2,5.5,19.6,79.9,25,0,0,1,64,274.51
2027-03-09,spring,-2.6,0.0,19.0,53.6,5,0,0,0,39,190.46
2027-03-10,spring,3.2,8.5,16.0,62.9,10,0,0,1,39,212.62
2027-03-11,spring,4.5,0.0,6.8,65.6,15,0,0,0,55,242.66
2027-03-12,spring,35.0,4.7,25.7,83.8,10,0,0,1,50,188.36
2027-03-13,spring,33.8,5.6,14.1,69.7,15,1,0,1,66,243.21
2027-03-14,spring,9.5,0.0,14.5,66.3,15,1,0,0,87,265.44
2027-03-15,spring,10.0,3.1,12.9,61.4,15,0,1,1,54,267.84
2027-03-16,spring,1.4,0.0,12.1,63.3,15,0,0,0,49,227.23
2027-03-17,spring,-7.0,0.0,24.3,81.0,20,0,0,0,42,206.04
2027-03-18,spring,12.7,12.4,23.3,64.0,15,0,0,1,48,210.31
2027-03-19,spring,3.0,0.0,17.7,58.9,20,0,0,0,60,225.54
2027-03-20,spring,13.1,0.0,14.4,56.7,0,1,0,0,61,187.04
2027-03-21,spring,-3.6,0.0,18.7,56.8,15,1,0,0,55,238.33
2027-03-22,spring,5.6,0.0,15.4,45.8,15,0,0,0,52,269.45
2027-03-23,spring,15.6,8.3,13.9,54.2,5,0,0,1,48,233.9
2027-03-24,spring,18.0,4.6,17.0,83.5,20,0,0,1,57,255.8
2027-03-25,spring,18.6,0.0,12.4,61.3,5,0,0,0,59,234.21
2027-03-26,spring,-0.5,0.0,16.5,73.2,5,0,0,0,46,164.89
2027-03-27,spring,23.4,0.0,16.2,31.8,20,1,0,0,87,302.82
2027-03-28,spring,5.2,0.0,18.6,71.4,5,1,0,0,70,205.48
2027-03-29,spring,21.0,5.9,11.3,61.9,10,0,0,1,68,240.63
2027-03-30,spring,13.9,0.0,19.3,57.7,10,0,0,0,63,236.29
2027-03-31,spring,-1.1,3.1,9.6,66.4,20,0,0,1,58,230.95
2027-04-01,spring,10.5,1.6,11.6,57.6,10,0,0,1,52,227.1
2027-04-02,spring,18.0,0.0,11.8,36.4,15,0,0,0,69,270.66
2027-04-03,spring,20.7,3.6,8.6,76.0,20,1,0,1,84,303.1
2027-04-04,spring,12.4,0.0,21.1,67.2,15,1,0,0,85,262.19
2027-04-05,spring,30.8,1.7,9.2,59.9,25,0,0,1,64,261.83
2027-04-06,spring,25.1,0.0,10.8,51.4,20,0,0,0,67,270.12
2027-04-07,spring,11.2,0.0,22.5,44.9,10,0,0,0,61,241.45
2027-04-08,spring,22.3,0.0,11.6,66.9,25,0,0,0,72,306.17
2027-04-09,spring,35.0,0.0,13.9,85.0,10,0,0,0,56,195.4
2027-04-10,spring,35.0,1.3,8.9,66.6,0,1,0,1,57,194.86
2027-04-11,spring,0.5,5.2,20.0,46.0,5,1,0,1,50,184.67
2027-04-12,spring,3.8,7.6,20.1,66.9,15,0,0,1,52,236.91
2027-04-13,spring,30.3,2.9,19.4,63.3,0,0,0,1,38,172.92
2027-04-14,spring,2.4,0.0,18.2,75.2,10,0,0,0,49,215.51
